luas_tanah,luas_bangunan,kamar_tidur,kamar_mandi
239.0,272.0,4.0,4.0
55.0,69.0,3.0,2.0
119.0,131.0,3.0,3.0
180.0,174.0,3.0,3.0
328.0,196.0,4.0,3.0
136.0,200.0,3.0,3.0
144.0,144.0,2.0,2.0
216.0,250.0,4.0,4.0
136.0,200.0,3.0,3.0
144.0,186.0,3.0,2.0
55.0,50.0,2.0,2.0
119.0,82.0,2.0,1.0
144.0,149.0,3.0,3.0
144.0,200.0,3.0,3.0
193.0,136.0,3.0,3.0
192.0,370.0,5.0,4.0
55.0,50.0,2.0,2.0
119.0,150.0,4.0,3.0
119.0,150.0,3.0,2.0
144.0,150.0,3.0,3.0
110.0,110.0,3.0,1.0
119.0,98.0,2.0,2.0
78.0,83.0,3.0,3.0
78.0,83.0,3.0,3.0
119.0,140.0,3.0,2.0
144.0,186.0,3.0,2.0
55.0,30.0,2.0,1.0
91.0,120.0,2.0,3.0
60.0,36.0,2.0,1.0
192.0,307.0,4.0,3.0
150.0,200.0,4.0,3.0
135.0,149.0,4.0,4.0
72.0,42.0,3.0,1.0
60.0,37.0,3.0,1.0
92.0,82.0,3.0,2.0
200.0,125.0,3.0,2.0
90.0,146.0,3.0,2.0
348.0,430.0,5.0,4.0
84.0,105.0,4.0,4.0
120.0,90.0,3.0,2.0
160.0,296.0,5.0,4.0
84.0,105.0,4.0,4.0
84.0,105.0,4.0,4.0
84.0,105.0,4.0,3.0
90.0,65.0,2.0,1.0
70.0,40.0,2.0,1.0
127.0,190.0,6.0,2.0
400.0,398.0,5.0,4.0
100.0,136.0,3.0,2.0
700.0,1400.0,8.0,9.0
250.0,400.0,4.0,5.0
60.0,19.0,2.0,1.0
90.0,80.0,3.0,1.0
86.0,45.0,2.0,1.0
60.0,36.0,2.0,1.0
70.0,70.0,2.0,2.0
55.0,60.0,2.0,2.0
78.0,83.0,3.0,3.0
78.0,83.0,3.0,3.0
86.0,45.0,2.0,1.0
100.0,136.0,4.0,3.0
60.0,36.0,2.0,1.0
60.0,36.0,2.0,1.0
60.0,38.0,2.0,1.0
60.0,38.0,2.0,1.0
60.0,36.0,2.0,1.0
72.0,36.0,2.0,1.0
66.0,36.0,2.0,1.0
60.0,38.0,2.0,1.0
66.0,38.0,2.0,1.0
160.0,216.0,4.0,4.0
126.0,126.0,3.0,2.0
376.0,700.0,5.0,4.0
66.0,87.0,3.0,2.0
126.0,80.0,2.0,2.0
84.0,56.0,2.0,2.0
152.0,200.0,5.0,3.0
376.0,700.0,5.0,5.0
90.0,60.0,2.0,1.0
139.0,120.0,3.0,2.0
58.0,90.0,3.0,3.0
131.0,225.0,4.0,3.0
126.0,90.0,2.0,1.0
90.0,60.0,2.0,2.0
90.0,120.0,2.0,1.0
90.0,160.0,4.0,3.0
138.0,120.0,3.0,2.0
160.0,216.0,3.0,3.0
78.0,52.0,3.0,2.0
36.0,63.0,2.0,1.0
36.0,60.0,2.0,1.0
90.0,70.0,2.0,1.0
90.0,70.0,3.0,2.0
105.0,100.0,4.0,3.0
105.0,100.0,4.0,3.0
144.0,157.0,3.0,3.0
144.0,157.0,3.0,3.0
144.0,157.0,3.0,3.0
126.0,94.0,3.0,2.0
114.0,228.0,2.0,3.0
108.0,69.0,2.0,2.0
60.0,29.0,2.0,1.0
144.0,77.0,3.0,1.0
77.0,140.0,3.0,2.0
54.0,63.0,3.0,2.0
66.0,60.0,2.0,1.0
144.0,157.0,3.0,3.0
179.0,56.0,2.0,2.0
94.0,75.0,2.0,1.0
125.0,136.0,5.0,4.0
94.0,70.0,3.0,2.0
126.0,80.0,2.0,2.0
105.0,105.0,3.0,2.0
325.0,200.0,4.0,4.0
90.0,90.0,2.0,2.0
90.0,90.0,2.0,2.0
133.0,80.0,2.0,2.0
36.0,60.0,3.0,1.0
84.0,56.0,2.0,2.0
94.0,110.0,2.0,1.0
105.0,70.0,2.0,1.0
94.0,110.0,2.0,1.0
180.0,150.0,4.0,3.0
60.0,45.0,3.0,1.0
60.0,45.0,3.0,1.0
119.0,63.0,2.0,1.0
119.0,63.0,2.0,1.0
131.0,225.0,4.0,3.0
90.0,53.0,2.0,2.0
131.0,225.0,4.0,3.0
108.0,69.0,2.0,2.0
96.0,70.0,2.0,1.0
144.0,110.0,2.0,2.0
144.0,120.0,3.0,2.0
160.0,260.0,3.0,2.0
160.0,280.0,4.0,5.0
160.0,280.0,4.0,5.0
120.0,260.0,3.0,2.0
144.0,120.0,3.0,2.0
270.0,175.0,3.0,3.0
108.0,69.0,2.0,2.0
53.0,63.0,3.0,2.0
60.0,55.0,2.0,1.0
72.0,69.0,3.0,2.0
60.0,110.0,3.0,3.0
72.0,42.0,3.0,1.0
70.0,38.0,2.0,1.0
92.0,120.0,2.0,2.0
135.0,110.0,4.0,3.0
165.0,180.0,4.0,3.0
94.0,75.0,1.0,1.0
78.0,54.0,2.0,1.0
78.0,83.0,3.0,3.0
78.0,83.0,3.0,3.0
60.0,40.0,2.0,2.0
77.0,150.0,3.0,3.0
60.0,48.0,2.0,2.0
66.0,63.0,2.0,1.0
78.0,83.0,3.0,3.0
78.0,83.0,3.0,3.0
60.0,48.0,2.0,2.0
90.0,70.0,2.0,1.0
72.0,60.0,2.0,1.0
200.0,90.0,3.0,2.0
121.0,105.0,3.0,3.0
84.0,77.0,3.0,3.0
84.0,77.0,3.0,2.0
95.0,60.0,3.0,2.0
84.0,91.0,3.0,2.0
72.0,40.0,2.0,1.0
60.0,64.0,3.0,2.0
78.0,83.0,3.0,3.0
86.0,115.0,4.0,3.0
86.0,115.0,3.0,3.0
72.0,36.0,2.0,1.0
72.0,36.0,2.0,1.0
165.0,90.0,3.0,2.0
72.0,36.0,2.0,1.0
72.0,36.0,2.0,1.0
165.0,90.0,3.0,2.0
72.0,36.0,2.0,1.0
165.0,90.0,3.0,2.0
60.0,36.0,2.0,1.0
70.0,41.0,2.0,1.0
125.0,65.0,3.0,2.0
96.0,48.0,2.0,1.0
72.0,60.0,3.0,2.0
60.0,55.0,2.0,1.0
60.0,55.0,2.0,2.0
72.0,48.0,2.0,1.0
210.0,310.0,4.0,4.0
84.0,77.0,3.0,2.0
105.0,90.0,2.0,2.0
90.0,70.0,2.0,1.0
105.0,90.0,2.0,2.0
90.0,70.0,2.0,1.0
105.0,90.0,2.0,2.0
105.0,90.0,2.0,2.0
90.0,70.0,2.0,1.0
90.0,70.0,2.0,1.0
90.0,70.0,2.0,1.0
84.0,77.0,3.0,3.0
84.0,77.0,3.0,3.0
90.0,70.0,2.0,1.0
84.0,77.0,3.0,3.0
89.0,52.0,2.0,1.0
165.0,180.0,4.0,3.0
84.0,77.0,3.0,3.0
80.0,55.0,2.0,1.0
84.0,105.0,4.0,3.0
101.0,84.0,3.0,2.0
84.0,77.0,3.0,2.0
87.0,77.0,3.0,3.0
80.0,55.0,2.0,1.0
70.0,45.0,2.0,1.0
82.0,72.0,3.0,3.0
92.0,130.0,3.0,3.0
216.0,300.0,3.0,4.0
95.0,88.0,4.0,2.0
52.0,36.0,2.0,1.0
70.0,120.0,3.0,3.0
70.0,65.0,3.0,2.0
95.0,140.0,4.0,3.0
183.0,136.0,5.0,4.0
180.0,172.0,3.0,3.0
175.0,250.0,3.0,2.0
115.0,113.0,3.0,2.0
97.0,76.0,2.0,1.0
70.0,85.0,3.0,2.0
91.0,165.0,4.0,4.0
178.0,110.0,3.0,3.0
760.0,350.0,4.0,2.0
154.0,150.0,4.0,3.0
707.0,338.0,6.0,4.0
75.0,80.0,3.0,3.0
91.0,165.0,3.0,4.0
118.0,156.0,3.0,3.0
118.0,156.0,3.0,3.0
64.0,47.0,2.0,1.0
78.0,54.0,2.0,1.0
65.0,53.0,2.0,2.0
97.0,70.0,2.0,1.0
97.0,70.0,2.0,1.0
97.0,70.0,2.0,1.0
96.0,80.0,3.0,2.0
70.0,70.0,3.0,2.0
80.0,90.0,3.0,2.0
112.0,71.0,2.0,2.0
72.0,90.0,3.0,2.0
100.0,70.0,3.0,2.0
72.0,50.0,2.0,1.0
72.0,80.0,3.0,2.0
100.0,66.0,3.0,2.0
72.0,50.0,2.0,1.0
42.0,63.0,3.0,2.0
60.0,50.0,3.0,1.0
63.0,45.0,2.0,1.0
72.0,80.0,3.0,2.0
70.0,90.0,3.0,2.0
75.0,66.0,3.0,2.0
65.0,58.0,2.0,2.0
60.0,36.0,2.0,1.0
42.0,62.0,2.0,2.0
72.0,45.0,2.0,1.0
175.0,140.0,4.0,3.0
300.0,250.0,4.0,4.0
99.0,71.0,3.0,3.0
66.0,57.0,2.0,1.0
66.0,57.0,2.0,1.0
250.0,252.0,5.0,4.0
250.0,252.0,5.0,4.0
250.0,252.0,5.0,4.0
78.0,54.0,2.0,1.0
70.0,42.0,2.0,1.0
175.0,133.0,4.0,3.0
175.0,133.0,4.0,3.0
78.0,54.0,2.0,1.0
60.0,40.0,2.0,1.0
78.0,54.0,3.0,2.0
63.0,45.0,2.0,1.0
200.0,300.0,3.0,3.0
165.0,90.0,3.0,2.0
382.0,350.0,4.0,3.0
612.0,376.0,4.0,4.0
112.0,65.0,3.0,2.0
160.0,127.0,3.0,2.0
160.0,127.0,3.0,2.0
60.0,36.0,2.0,1.0
105.0,101.0,4.0,3.0
66.0,42.0,2.0,2.0
60.0,58.0,2.0,2.0
140.0,170.0,4.0,3.0
72.0,90.0,3.0,2.0
72.0,90.0,3.0,2.0
72.0,90.0,3.0,2.0
72.0,90.0,3.0,2.0
72.0,90.0,3.0,2.0
105.0,100.0,3.0,2.0
182.0,300.0,5.0,5.0
92.0,170.0,3.0,3.0
84.0,47.0,2.0,1.0
92.0,160.0,3.0,3.0
120.0,200.0,4.0,2.0
92.0,48.0,2.0,1.0
160.0,285.0,4.0,2.0
123.0,165.0,3.0,3.0
77.0,109.0,3.0,2.0
72.0,90.0,3.0,2.0
160.0,205.0,3.0,2.0
78.0,46.0,3.0,2.0
154.0,154.0,3.0,2.0
75.0,55.0,2.0,1.0
72.0,108.0,3.0,2.0
72.0,108.0,3.0,2.0
66.0,87.0,3.0,2.0
136.0,150.0,3.0,3.0
66.0,87.0,3.0,2.0
75.0,99.0,3.0,2.0
104.0,120.0,3.0,3.0
72.0,42.0,2.0,1.0
80.0,121.0,3.0,2.0
60.0,29.0,2.0,1.0
98.0,165.0,4.0,2.0
108.0,135.0,2.0,1.0
72.0,45.0,2.0,1.0
60.0,29.0,2.0,1.0
90.0,75.0,3.0,1.0
72.0,36.0,2.0,1.0
53.0,63.0,3.0,2.0
90.0,69.0,3.0,1.0
90.0,69.0,3.0,1.0
78.0,83.0,3.0,3.0
186.0,200.0,4.0,3.0
105.0,140.0,4.0,3.0
78.0,83.0,3.0,3.0
60.0,40.0,2.0,2.0
180.0,150.0,2.0,2.0
210.0,230.0,4.0,2.0
118.0,71.0,3.0,3.0
75.0,48.0,2.0,1.0
150.0,196.0,4.0,2.0
939.0,500.0,36.0,36.0
119.0,100.0,2.0,2.0
72.0,36.0,2.0,1.0
72.0,45.0,2.0,1.0
97.0,54.0,3.0,1.0
97.0,54.0,2.0,1.0
97.0,54.0,2.0,1.0
119.0,84.0,2.0,1.0
250.0,180.0,2.0,1.0
97.0,54.0,3.0,1.0
97.0,54.0,3.0,1.0
66.0,87.0,3.0,2.0
72.0,60.0,2.0,1.0
120.0,60.0,3.0,1.0
97.0,70.0,2.0,1.0
216.0,300.0,3.0,4.0
66.0,87.0,3.0,2.0
60.0,36.0,2.0,1.0
40.0,66.0,2.0,1.0
60.0,45.0,2.0,1.0
60.0,45.0,2.0,1.0
60.0,45.0,3.0,1.0
60.0,45.0,2.0,1.0
120.0,88.0,3.0,2.0
120.0,88.0,3.0,2.0
72.0,39.0,2.0,1.0
36.0,61.0,2.0,1.0
36.0,61.0,2.0,1.0
60.0,40.0,2.0,1.0
60.0,29.0,2.0,1.0
72.0,72.0,2.0,1.0
60.0,40.0,2.0,1.0
62.0,62.0,2.0,1.0
72.0,45.0,2.0,1.0
60.0,75.0,3.0,2.0
60.0,45.0,2.0,1.0
55.0,60.0,2.0,1.0
60.0,36.0,2.0,1.0
162.0,230.0,4.0,4.0
220.0,200.0,4.0,2.0
90.0,85.0,3.0,2.0
90.0,150.0,4.0,2.0
120.0,84.0,2.0,3.0
130.0,150.0,3.0,2.0
130.0,150.0,3.0,2.0
90.0,81.0,3.0,2.0
255.0,280.0,5.0,3.0
337.0,550.0,5.0,4.0
343.0,400.0,5.0,5.0
90.0,110.0,2.0,1.0
215.0,135.0,3.0,2.0
105.0,90.0,2.0,2.0
165.0,90.0,3.0,2.0
73.0,36.0,2.0,1.0
225.0,211.0,6.0,4.0
160.0,128.0,4.0,4.0
153.0,150.0,3.0,2.0
220.0,123.0,3.0,2.0
216.0,96.0,2.0,1.0
55.0,86.0,2.0,1.0
78.0,41.0,2.0,1.0
60.0,80.0,3.0,2.0
60.0,80.0,3.0,2.0
65.0,90.0,3.0,2.0
216.0,100.0,2.0,1.0
78.0,83.0,3.0,3.0
78.0,83.0,3.0,3.0
113.0,85.0,4.0,3.0
70.0,70.0,3.0,2.0
125.0,160.0,3.0,2.0
209.0,300.0,4.0,4.0
209.0,300.0,6.0,5.0
500.0,450.0,6.0,4.0
102.0,150.0,3.0,2.0
209.0,300.0,6.0,5.0
98.0,80.0,2.0,2.0
181.0,180.0,3.0,3.0
487.0,650.0,11.0,4.0
90.0,135.0,3.0,3.0
90.0,70.0,2.0,2.0
90.0,54.0,2.0,1.0
120.0,120.0,3.0,1.0
60.0,60.0,1.0,1.0
120.0,88.0,3.0,2.0
90.0,54.0,2.0,1.0
90.0,54.0,2.0,1.0
120.0,88.0,2.0,1.0
105.0,130.0,3.0,2.0
105.0,130.0,3.0,2.0
56.0,63.0,3.0,2.0
53.0,63.0,3.0,2.0
90.0,54.0,2.0,1.0
90.0,54.0,2.0,1.0
72.0,60.0,2.0,1.0
75.0,35.0,2.0,1.0
72.0,45.0,2.0,1.0
120.0,90.0,2.0,1.0
82.0,68.0,3.0,3.0
240.0,150.0,5.0,2.0
200.0,180.0,5.0,4.0
60.0,30.0,2.0,1.0
60.0,40.0,2.0,1.0
60.0,30.0,2.0,1.0
60.0,36.0,2.0,1.0
123.0,100.0,4.0,1.0
120.0,100.0,3.0,2.0
150.0,100.0,3.0,2.0
50.0,100.0,3.0,2.0
72.0,90.0,3.0,2.0
194.0,200.0,3.0,2.0
52.0,45.0,2.0,1.0
90.0,150.0,4.0,2.0
72.0,108.0,3.0,2.0
136.0,66.0,3.0,2.0
84.0,77.0,3.0,3.0
105.0,95.0,4.0,3.0
84.0,77.0,3.0,2.0
60.0,38.0,2.0,1.0
84.0,62.0,2.0,2.0
78.0,54.0,2.0,2.0
72.0,36.0,2.0,1.0
78.0,83.0,3.0,3.0
78.0,83.0,3.0,3.0
78.0,83.0,3.0,3.0
150.0,195.0,3.0,3.0
50.0,68.0,2.0,2.0
158.0,272.0,4.0,3.0
50.0,68.0,2.0,2.0
108.0,80.0,3.0,2.0
66.0,87.0,3.0,2.0
95.0,150.0,4.0,2.0
95.0,150.0,4.0,2.0
66.0,30.0,2.0,1.0
120.0,100.0,3.0,2.0
91.0,60.0,2.0,1.0
100.0,85.0,2.0,1.0
66.0,100.0,3.0,2.0
66.0,100.0,3.0,2.0
66.0,100.0,3.0,2.0
72.0,135.0,3.0,2.0
168.0,250.0,4.0,3.0
72.0,110.0,3.0,2.0
72.0,110.0,3.0,2.0
200.0,400.0,3.0,4.0
150.0,165.0,5.0,3.0
179.0,250.0,5.0,3.0
78.0,55.0,4.0,2.0
90.0,105.0,3.0,3.0
126.0,165.0,6.0,4.0
60.0,36.0,2.0,1.0
107.0,90.0,3.0,1.0
200.0,143.0,3.0,2.0
164.0,156.0,7.0,2.0
105.0,110.0,2.0,2.0
78.0,83.0,3.0,3.0
78.0,83.0,3.0,3.0
194.0,90.0,3.0,2.0
72.0,45.0,2.0,2.0
90.0,100.0,3.0,2.0
60.0,38.0,3.0,1.0
60.0,50.0,2.0,1.0
72.0,36.0,2.0,1.0
27.0,72.0,2.0,1.0
70.0,40.0,2.0,1.0
80.0,121.0,3.0,2.0
120.0,80.0,2.0,1.0
60.0,53.0,3.0,2.0
77.0,42.0,2.0,1.0
84.0,58.0,2.0,1.0
72.0,48.0,2.0,1.0
1070.0,720.0,5.0,4.0
72.0,90.0,3.0,2.0
144.0,133.0,4.0,4.0
84.0,70.0,2.0,2.0
348.0,430.0,5.0,4.0
82.0,60.0,3.0,2.0
72.0,36.0,3.0,1.0
60.0,50.0,2.0,1.0
60.0,50.0,2.0,1.0
60.0,45.0,2.0,1.0
119.0,80.0,2.0,1.0
60.0,45.0,2.0,1.0
110.0,70.0,2.0,1.0
110.0,70.0,2.0,2.0
60.0,45.0,2.0,1.0
60.0,45.0,2.0,1.0
119.0,80.0,2.0,1.0
78.0,150.0,4.0,2.0
60.0,45.0,2.0,1.0
60.0,42.0,2.0,1.0
74.0,70.0,2.0,2.0
241.0,140.0,5.0,3.0
220.0,300.0,3.0,2.0
93.0,80.0,2.0,2.0
180.0,180.0,3.0,1.0
72.0,50.0,2.0,1.0
180.0,150.0,2.0,2.0
90.0,69.0,3.0,1.0
135.0,117.0,4.0,2.0
93.0,80.0,3.0,2.0
65.0,80.0,3.0,2.0
375.0,385.0,4.0,2.0
79.0,90.0,3.0,2.0
70.0,90.0,3.0,2.0
135.0,78.0,2.0,1.0
70.0,50.0,2.0,1.0
72.0,36.0,2.0,1.0
80.0,120.0,2.0,2.0
72.0,54.0,2.0,1.0
72.0,50.0,2.0,1.0
200.0,143.0,3.0,2.0
112.0,112.0,3.0,2.0
126.0,140.0,6.0,3.0
60.0,36.0,2.0,1.0
100.0,45.0,2.0,1.0
60.0,50.0,3.0,1.0
60.0,80.0,3.0,2.0
105.0,75.0,2.0,1.0
78.0,54.0,2.0,1.0
90.0,55.0,2.0,2.0
78.0,45.0,3.0,2.0
78.0,70.0,3.0,2.0
72.0,60.0,2.0,1.0
84.0,45.0,2.0,1.0
72.0,48.0,2.0,1.0
542.0,300.0,6.0,2.0
90.0,170.0,3.0,2.0
90.0,170.0,3.0,2.0
182.0,220.0,4.0,2.0
114.0,70.0,3.0,2.0
225.0,300.0,3.0,2.0
225.0,300.0,3.0,2.0
94.0,160.0,3.0,2.0
140.0,100.0,4.0,3.0
129.0,100.0,3.0,2.0
264.0,400.0,8.0,3.0
923.0,401.0,4.0,5.0
1064.0,800.0,5.0,4.0
90.0,70.0,3.0,1.0
90.0,110.0,3.0,2.0
90.0,80.0,2.0,1.0
1400.0,300.0,4.0,3.0
420.0,400.0,5.0,5.0
2916.0,500.0,2.0,6.0
90.0,150.0,3.0,2.0
90.0,110.0,3.0,2.0
162.0,196.0,4.0,2.0
105.0,150.0,3.0,2.0
2916.0,500.0,3.0,2.0
70.0,90.0,3.0,1.0
90.0,110.0,3.0,2.0
105.0,150.0,3.0,2.0
144.0,200.0,5.0,6.0
300.0,520.0,4.0,4.0
517.0,305.0,4.0,3.0
312.0,250.0,4.0,3.0
514.0,340.0,3.0,3.0
224.0,90.0,2.0,1.0
90.0,100.0,2.0,2.0
216.0,120.0,2.0,3.0
481.0,242.0,4.0,3.0
90.0,90.0,2.0,1.0
139.0,130.0,3.0,2.0
90.0,100.0,2.0,2.0
150.0,62.0,2.0,1.0
216.0,110.0,2.0,4.0
323.0,500.0,4.0,4.0
117.0,160.0,5.0,3.0
144.0,105.0,3.0,2.0
137.0,40.0,2.0,1.0
358.0,250.0,3.0,2.0
350.0,620.0,8.0,6.0
126.0,102.0,3.0,2.0
329.0,275.0,3.0,4.0
663.0,300.0,4.0,3.0
518.0,515.0,4.0,5.0
450.0,800.0,6.0,5.0
94.0,96.0,3.0,2.0
180.0,300.0,4.0,4.0
2786.0,1500.0,5.0,5.0
575.0,200.0,3.0,2.0
360.0,400.0,4.0,4.0
150.0,62.0,2.0,1.0
90.0,70.0,3.0,1.0
150.0,63.0,2.0,1.0
84.0,89.0,3.0,2.0
84.0,89.0,3.0,2.0
90.0,150.0,3.0,2.0
313.0,360.0,4.0,5.0
2786.0,1500.0,5.0,5.0
299.0,125.0,3.0,2.0
299.0,125.0,3.0,2.0
220.0,221.0,4.0,3.0
183.0,145.0,3.0,3.0
120.0,240.0,4.0,4.0
90.0,70.0,3.0,1.0
84.0,89.0,3.0,2.0
84.0,89.0,3.0,2.0
90.0,150.0,3.0,2.0
150.0,62.0,2.0,1.0
144.0,88.0,3.0,2.0
543.0,495.0,4.0,4.0
396.0,299.0,4.0,3.0
396.0,299.0,4.0,3.0
321.0,500.0,4.0,4.0
313.0,360.0,4.0,5.0
575.0,200.0,3.0,2.0
340.0,400.0,4.0,4.0
150.0,63.0,2.0,1.0
518.0,515.0,4.0,5.0
483.0,500.0,5.0,6.0
180.0,300.0,4.0,4.0
105.0,60.0,2.0,2.0
396.0,299.0,4.0,3.0
84.0,89.0,3.0,2.0
321.0,500.0,4.0,4.0
84.0,89.0,3.0,2.0
90.0,150.0,3.0,2.0
90.0,70.0,3.0,1.0
90.0,70.0,3.0,1.0
84.0,89.0,3.0,2.0
518.0,515.0,4.0,5.0
313.0,360.0,4.0,5.0
340.0,400.0,4.0,4.0
575.0,200.0,3.0,2.0
90.0,150.0,3.0,2.0
84.0,89.0,3.0,2.0
321.0,500.0,4.0,4.0
150.0,63.0,2.0,1.0
321.0,500.0,4.0,4.0
396.0,299.0,4.0,3.0
526.0,400.0,4.0,4.0
299.0,125.0,3.0,2.0
543.0,495.0,4.0,4.0
526.0,400.0,4.0,4.0
108.0,62.0,2.0,1.0
396.0,299.0,4.0,3.0
144.0,88.0,3.0,3.0
299.0,125.0,3.0,2.0
84.0,60.0,2.0,2.0
329.0,299.0,3.0,4.0
498.0,400.0,4.0,4.0
330.0,362.0,3.0,3.0
141.0,141.0,5.0,3.0
375.0,450.0,4.0,3.0
334.0,350.0,4.0,2.0
81.0,65.0,3.0,2.0
90.0,65.0,2.0,2.0
127.0,200.0,3.0,3.0
90.0,90.0,2.0,1.0
180.0,300.0,4.0,4.0
90.0,70.0,3.0,1.0
127.0,200.0,3.0,3.0
141.0,141.0,5.0,3.0
375.0,450.0,4.0,3.0
334.0,350.0,4.0,2.0
81.0,65.0,3.0,2.0
90.0,65.0,2.0,2.0
90.0,70.0,3.0,1.0
90.0,90.0,2.0,1.0
180.0,300.0,4.0,4.0
90.0,150.0,3.0,2.0
90.0,70.0,3.0,1.0
84.0,89.0,3.0,2.0
84.0,89.0,3.0,2.0
321.0,500.0,4.0,4.0
404.0,200.0,3.0,3.0
404.0,200.0,3.0,3.0
404.0,200.0,3.0,3.0
90.0,70.0,3.0,1.0
323.0,500.0,4.0,4.0
105.0,44.0,2.0,1.0
375.0,450.0,4.0,3.0
330.0,362.0,3.0,3.0
498.0,400.0,4.0,4.0
90.0,60.0,1.0,1.0
543.0,495.0,4.0,4.0
526.0,400.0,4.0,4.0
299.0,125.0,3.0,2.0
144.0,88.0,3.0,2.0
334.0,350.0,4.0,2.0
108.0,50.0,2.0,1.0
396.0,299.0,4.0,3.0
150.0,63.0,2.0,1.0
323.0,500.0,4.0,4.0
84.0,89.0,3.0,2.0
90.0,70.0,3.0,1.0
90.0,150.0,3.0,2.0
575.0,200.0,3.0,2.0
340.0,400.0,4.0,3.0
313.0,360.0,4.0,5.0
518.0,515.0,4.0,5.0
313.0,360.0,4.0,5.0
518.0,515.0,4.0,5.0
340.0,400.0,4.0,4.0
266.0,400.0,4.0,3.0
518.0,515.0,4.0,5.0
315.0,150.0,3.0,3.0
323.0,500.0,4.0,4.0
518.0,515.0,4.0,5.0
334.0,350.0,4.0,2.0
105.0,44.0,2.0,1.0
498.0,300.0,3.0,2.0
345.0,200.0,3.0,3.0
84.0,89.0,3.0,2.0
140.0,88.0,3.0,2.0
224.0,90.0,2.0,1.0
90.0,150.0,3.0,2.0
72.0,45.0,2.0,1.0
133.0,185.0,3.0,2.0
72.0,54.0,3.0,2.0
242.0,188.0,2.0,2.0
224.0,100.0,2.0,2.0
301.0,250.0,5.0,4.0
323.0,200.0,2.0,3.0
133.0,185.0,3.0,3.0
202.0,370.0,3.0,2.0
300.0,500.0,4.0,2.0
220.0,221.0,4.0,3.0
886.0,500.0,4.0,4.0
1118.0,600.0,5.0,4.0
1050.0,1000.0,5.0,5.0
1156.0,500.0,3.0,3.0
312.0,300.0,4.0,4.0
120.0,105.0,3.0,3.0
180.0,120.0,2.0,1.0
108.0,160.0,3.0,3.0
120.0,120.0,3.0,3.0
313.0,250.0,4.0,4.0
220.0,221.0,4.0,3.0
313.0,250.0,4.0,4.0
220.0,221.0,4.0,3.0
287.0,250.0,3.0,3.0
12.0,130.0,3.0,2.0
1610.0,500.0,5.0,5.0
90.0,120.0,4.0,3.0
90.0,150.0,3.0,2.0
120.0,150.0,5.0,4.0
287.0,250.0,4.0,3.0
1156.0,500.0,3.0,3.0
1250.0,700.0,4.0,4.0
886.0,500.0,4.0,4.0
630.0,600.0,5.0,3.0
232.0,120.0,3.0,1.0
315.0,200.0,3.0,2.0
90.0,60.0,2.0,2.0
248.0,100.0,2.0,1.0
108.0,100.0,3.0,2.0
328.0,160.0,3.0,2.0
90.0,65.0,2.0,2.0
211.0,53.0,2.0,1.0
78.0,100.0,3.0,3.0
328.0,250.0,4.0,3.0
481.0,250.0,4.0,4.0
224.0,220.0,4.0,3.0
488.0,250.0,4.0,3.0
323.0,220.0,2.0,3.0
406.0,250.0,3.0,3.0
120.0,120.0,3.0,3.0
866.0,500.0,4.0,4.0
309.0,600.0,5.0,5.0
315.0,250.0,4.0,4.0
1153.0,500.0,3.0,4.0
171.0,120.0,3.0,3.0
234.0,240.0,4.0,3.0
176.0,120.0,3.0,2.0
220.0,221.0,4.0,3.0
220.0,221.0,4.0,3.0
220.0,221.0,4.0,3.0
220.0,221.0,4.0,3.0
220.0,221.0,4.0,3.0
220.0,221.0,4.0,3.0
90.0,60.0,2.0,2.0
228.0,200.0,3.0,3.0
230.0,200.0,3.0,3.0
234.0,200.0,4.0,4.0
120.0,100.0,3.0,3.0
108.0,53.0,2.0,1.0
2200.0,700.0,4.0,4.0
216.0,180.0,4.0,3.0
300.0,250.0,4.0,4.0
180.0,100.0,2.0,1.0
866.0,400.0,4.0,4.0
313.0,250.0,4.0,4.0
313.0,250.0,4.0,4.0
120.0,120.0,3.0,3.0
600.0,250.0,4.0,3.0
315.0,250.0,4.0,3.0
323.0,250.0,2.0,3.0
300.0,250.0,4.0,4.0
108.0,160.0,3.0,3.0
1610.0,400.0,5.0,5.0
120.0,100.0,3.0,3.0
1250.0,250.0,2.0,3.0
90.0,120.0,3.0,2.0
403.0,145.0,3.0,2.0
1023.0,401.0,5.0,4.0
287.0,250.0,4.0,3.0
1023.0,401.0,5.0,4.0
287.0,250.0,4.0,3.0
664.0,300.0,4.0,3.0
1156.0,500.0,3.0,3.0
886.0,500.0,4.0,4.0
323.0,200.0,3.0,2.0
1118.0,600.0,6.0,6.0
120.0,235.0,5.0,5.0
323.0,300.0,3.0,4.0
60.0,120.0,2.0,2.0
379.0,250.0,4.0,3.0
710.0,612.0,5.0,4.0
300.0,250.0,2.0,3.0
81.0,50.0,2.0,1.0
663.0,250.0,4.0,3.0
181.0,179.0,4.0,4.0
710.0,612.0,5.0,4.0
60.0,36.0,2.0,1.0
84.0,70.0,2.0,1.0
200.0,90.0,3.0,2.0
84.0,70.0,2.0,1.0
72.0,60.0,2.0,1.0
60.0,55.0,2.0,2.0
90.0,45.0,2.0,1.0
84.0,70.0,2.0,1.0
72.0,60.0,2.0,1.0
72.0,60.0,2.0,1.0
98.0,78.0,2.0,3.0
60.0,30.0,2.0,1.0
90.0,45.0,2.0,1.0
90.0,45.0,2.0,1.0
84.0,70.0,2.0,1.0
72.0,60.0,2.0,1.0
90.0,45.0,2.0,1.0
84.0,70.0,2.0,1.0
72.0,60.0,2.0,1.0
60.0,32.0,2.0,1.0
90.0,38.0,2.0,1.0
36.0,72.0,2.0,1.0
94.0,96.0,3.0,2.0
72.0,22.0,1.0,1.0
112.0,68.0,3.0,2.0
200.0,100.0,3.0,2.0
72.0,60.0,2.0,1.0
105.0,100.0,3.0,2.0
105.0,100.0,3.0,2.0
60.0,51.0,3.0,2.0
120.0,79.0,2.0,1.0
90.0,75.0,3.0,2.0
60.0,38.0,2.0,1.0
60.0,29.0,2.0,1.0
72.0,21.0,2.0,1.0
90.0,36.0,2.0,1.0
60.0,30.0,2.0,1.0
60.0,23.0,1.0,1.0
150.0,45.0,2.0,1.0
105.0,36.0,2.0,1.0
72.0,50.0,2.0,1.0
72.0,50.0,2.0,1.0
94.0,96.0,3.0,2.0
84.0,45.0,2.0,1.0
84.0,45.0,2.0,2.0
62.0,36.0,2.0,1.0
72.0,50.0,2.0,1.0
126.0,180.0,4.0,3.0
116.0,85.0,3.0,2.0
66.0,56.0,3.0,2.0
66.0,56.0,3.0,2.0
126.0,180.0,4.0,3.0
116.0,85.0,3.0,2.0
116.0,85.0,3.0,2.0
116.0,85.0,3.0,2.0
96.0,80.0,2.0,2.0
94.0,96.0,3.0,2.0
70.0,36.0,2.0,1.0
84.0,39.0,2.0,1.0
81.0,45.0,2.0,1.0
104.0,60.0,2.0,2.0
68.0,36.0,2.0,1.0
60.0,65.0,2.0,2.0
84.0,39.0,2.0,1.0
104.0,60.0,2.0,2.0
81.0,51.0,3.0,2.0
120.0,98.0,4.0,4.0
68.0,36.0,2.0,1.0
81.0,45.0,2.0,1.0
94.0,70.0,3.0,2.0
120.0,98.0,4.0,4.0
60.0,65.0,2.0,2.0
84.0,39.0,2.0,1.0
81.0,45.0,2.0,1.0
94.0,70.0,3.0,2.0
70.0,36.0,2.0,1.0
90.0,36.0,2.0,2.0
120.0,98.0,4.0,4.0
68.0,36.0,2.0,1.0
60.0,65.0,2.0,2.0
39.0,84.0,2.0,1.0
81.0,45.0,2.0,1.0
70.0,36.0,2.0,1.0
70.0,36.0,2.0,1.0
70.0,36.0,2.0,1.0
68.0,36.0,2.0,1.0
60.0,65.0,2.0,2.0
84.0,39.0,2.0,1.0
81.0,45.0,2.0,1.0
81.0,51.0,3.0,2.0
120.0,98.0,4.0,4.0
70.0,36.0,2.0,1.0
104.0,60.0,2.0,2.0
94.0,70.0,3.0,2.0
72.0,39.0,2.0,1.0
65.0,60.0,3.0,2.0
78.0,60.0,3.0,2.0
64.0,60.0,3.0,2.0
60.0,35.0,2.0,1.0
63.0,36.0,2.0,1.0
65.0,87.0,3.0,2.0
90.0,80.0,3.0,2.0
60.0,36.0,2.0,1.0
60.0,94.0,2.0,2.0
60.0,40.0,2.0,1.0
60.0,40.0,2.0,1.0
60.0,40.0,2.0,1.0
60.0,40.0,2.0,1.0
83.0,45.0,2.0,1.0
104.0,180.0,5.0,2.0
60.0,45.0,2.0,1.0
104.0,180.0,5.0,2.0
105.0,45.0,2.0,1.0
84.0,76.0,3.0,2.0
84.0,84.0,3.0,2.0
40.0,36.0,2.0,1.0
75.0,38.0,2.0,1.0
55.0,36.0,2.0,1.0
60.0,40.0,2.0,1.0
84.0,45.0,2.0,1.0
84.0,45.0,2.0,1.0
72.0,39.0,2.0,1.0
72.0,36.0,2.0,1.0
60.0,40.0,2.0,1.0
60.0,40.0,2.0,1.0
42.0,42.0,2.0,1.0
60.0,40.0,2.0,1.0
60.0,36.0,2.0,1.0
150.0,147.0,4.0,4.0
55.0,36.0,2.0,1.0
113.0,36.0,2.0,1.0
60.0,55.0,2.0,1.0
30.0,30.0,2.0,1.0
38.0,38.0,2.0,1.0
55.0,36.0,2.0,1.0
40.0,40.0,2.0,1.0
55.0,36.0,2.0,1.0
45.0,45.0,2.0,1.0
153.0,200.0,4.0,3.0
66.0,33.0,2.0,1.0
84.0,96.0,2.0,2.0
66.0,33.0,2.0,1.0
101.0,45.0,3.0,2.0
84.0,48.0,2.0,1.0
105.0,60.0,2.0,1.0
86.0,50.0,2.0,1.0
84.0,84.0,3.0,2.0
88.0,40.0,2.0,1.0
105.0,45.0,2.0,1.0
105.0,150.0,3.0,2.0
88.0,40.0,2.0,1.0
164.0,104.0,3.0,3.0
84.0,84.0,3.0,2.0
105.0,45.0,2.0,1.0
84.0,84.0,3.0,2.0
98.0,68.0,3.0,1.0
96.0,71.0,2.0,1.0
90.0,180.0,3.0,4.0
88.0,40.0,2.0,1.0
88.0,53.0,2.0,1.0
84.0,76.0,3.0,2.0
84.0,76.0,3.0,2.0
105.0,150.0,3.0,2.0
84.0,84.0,3.0,2.0
84.0,76.0,3.0,2.0
84.0,76.0,3.0,2.0
105.0,150.0,3.0,2.0
104.0,180.0,5.0,2.0
105.0,45.0,2.0,1.0
82.0,45.0,2.0,1.0
72.0,72.0,2.0,1.0
131.0,177.0,3.0,1.0
78.0,36.0,2.0,1.0
68.0,36.0,2.0,1.0
144.0,300.0,4.0,4.0
68.0,36.0,2.0,1.0
530.0,270.0,3.0,4.0
74.0,36.0,2.0,1.0
94.0,96.0,3.0,2.0
80.0,48.0,2.0,1.0
72.0,36.0,2.0,1.0
88.0,55.0,3.0,2.0
200.0,400.0,4.0,3.0
76.0,36.0,2.0,1.0
60.0,54.0,3.0,2.0
70.0,54.0,3.0,2.0
61.0,40.0,2.0,1.0
61.0,40.0,2.0,1.0
64.0,40.0,2.0,1.0
70.0,54.0,3.0,2.0
78.0,36.0,2.0,1.0
60.0,54.0,3.0,2.0
70.0,54.0,3.0,2.0
72.0,90.0,3.0,2.0
105.0,90.0,3.0,2.0
50.0,36.0,2.0,1.0
60.0,54.0,3.0,2.0
72.0,45.0,2.0,1.0
72.0,45.0,2.0,1.0
72.0,42.0,2.0,1.0
84.0,48.0,2.0,1.0
84.0,48.0,2.0,1.0
69.0,41.0,2.0,1.0
72.0,45.0,2.0,1.0
63.0,41.0,2.0,1.0
63.0,41.0,2.0,1.0
72.0,45.0,2.0,1.0
72.0,45.0,2.0,1.0
84.0,84.0,3.0,2.0
77.0,36.0,2.0,1.0
147.0,40.0,2.0,1.0
147.0,40.0,2.0,1.0
105.0,55.0,2.0,1.0
90.0,80.0,3.0,3.0
66.0,33.0,2.0,1.0
135.0,90.0,4.0,3.0
94.0,96.0,3.0,2.0
377.0,277.0,3.0,2.0
746.0,369.0,4.0,4.0
1720.0,700.0,4.0,3.0
77.0,60.0,3.0,2.0
983.0,1200.0,5.0,4.0
144.0,150.0,3.0,3.0
153.0,200.0,4.0,3.0
66.0,33.0,2.0,1.0
66.0,33.0,2.0,1.0
66.0,33.0,2.0,1.0
90.0,110.0,3.0,2.0
112.0,110.0,2.0,3.0
144.0,136.0,2.0,3.0
120.0,155.0,6.0,3.0
940.0,450.0,7.0,5.0
180.0,120.0,4.0,3.0
120.0,155.0,6.0,3.0
198.0,150.0,4.0,2.0
120.0,155.0,6.0,3.0
198.0,150.0,4.0,2.0
198.0,150.0,4.0,2.0
120.0,155.0,6.0,3.0
198.0,150.0,4.0,2.0
198.0,230.0,5.0,2.0
60.0,60.0,3.0,1.0
78.0,50.0,2.0,1.0
94.0,96.0,3.0,2.0
36.0,90.0,2.0,1.0
808.0,350.0,4.0,2.0
72.0,36.0,2.0,1.0
216.0,307.0,4.0,4.0
180.0,249.0,4.0,3.0
82.0,70.0,4.0,2.0
60.0,49.0,2.0,2.0
82.0,70.0,4.0,2.0
153.0,200.0,4.0,3.0
153.0,200.0,4.0,3.0
153.0,200.0,4.0,3.0
153.0,200.0,4.0,3.0
270.0,250.0,5.0,4.0
180.0,120.0,4.0,3.0
128.0,200.0,3.0,3.0
128.0,200.0,3.0,3.0
128.0,200.0,3.0,3.0
128.0,200.0,3.0,3.0
84.0,155.0,3.0,2.0
126.0,180.0,4.0,3.0
126.0,180.0,4.0,3.0
198.0,150.0,4.0,2.0
116.0,85.0,3.0,2.0
120.0,155.0,6.0,3.0
126.0,180.0,4.0,3.0
309.0,300.0,7.0,6.0
94.0,96.0,3.0,2.0
64.0,54.0,3.0,2.0
90.0,80.0,3.0,3.0
366.0,450.0,4.0,4.0
502.0,430.0,4.0,3.0
625.0,350.0,4.0,4.0
60.0,55.0,2.0,2.0
90.0,45.0,2.0,1.0
84.0,70.0,2.0,1.0
165.0,160.0,3.0,3.0
109.0,90.0,3.0,2.0
94.0,96.0,3.0,2.0
69.0,72.0,2.0,1.0
230.0,300.0,4.0,2.0
230.0,300.0,4.0,2.0
215.0,200.0,3.0,2.0
120.0,160.0,3.0,3.0
200.0,150.0,2.0,2.0
120.0,50.0,2.0,1.0
180.0,237.0,4.0,3.0
60.0,30.0,2.0,1.0
168.0,155.0,5.0,2.0
186.0,110.0,3.0,2.0
165.0,160.0,3.0,3.0
165.0,160.0,3.0,3.0
200.0,90.0,3.0,2.0
186.0,110.0,3.0,2.0
165.0,160.0,3.0,3.0
186.0,110.0,3.0,2.0
165.0,160.0,3.0,3.0
200.0,90.0,3.0,2.0
186.0,110.0,3.0,2.0
186.0,110.0,3.0,2.0
200.0,90.0,3.0,2.0
94.0,96.0,3.0,2.0
120.0,100.0,4.0,3.0
1000.0,276.0,4.0,4.0
180.0,120.0,4.0,3.0
60.0,36.0,2.0,1.0
60.0,36.0,2.0,1.0
200.0,90.0,3.0,2.0
330.0,525.0,4.0,4.0
128.0,99.0,3.0,2.0
120.0,90.0,3.0,2.0
200.0,240.0,3.0,2.0
94.0,96.0,3.0,2.0
300.0,350.0,4.0,3.0
105.0,110.0,3.0,2.0
144.0,170.0,4.0,3.0
105.0,140.0,3.0,2.0
577.0,600.0,5.0,4.0
220.0,300.0,5.0,3.0
220.0,300.0,5.0,3.0
375.0,400.0,4.0,3.0
105.0,140.0,3.0,2.0
105.0,70.0,2.0,1.0
105.0,120.0,3.0,2.0
200.0,200.0,4.0,4.0
160.0,232.0,4.0,3.0
144.0,220.0,4.0,2.0
144.0,220.0,4.0,2.0
105.0,120.0,3.0,3.0
90.0,45.0,2.0,1.0
90.0,45.0,2.0,1.0
180.0,237.0,4.0,4.0
300.0,381.0,4.0,4.0
315.0,381.0,4.0,4.0
240.0,333.0,4.0,4.0
105.0,45.0,2.0,1.0
180.0,237.0,4.0,3.0
81.0,81.0,3.0,1.0
94.0,96.0,3.0,2.0
70.0,90.0,3.0,2.0
126.0,180.0,4.0,3.0
126.0,180.0,4.0,3.0
78.0,60.0,3.0,2.0
85.0,60.0,3.0,2.0
64.0,60.0,3.0,2.0
112.0,75.0,3.0,2.0
112.0,75.0,3.0,2.0
84.0,36.0,2.0,1.0
104.0,180.0,5.0,2.0
72.0,36.0,2.0,1.0
50.0,40.0,2.0,1.0
96.0,50.0,2.0,1.0
105.0,55.0,2.0,1.0
105.0,55.0,2.0,1.0
350.0,370.0,4.0,4.0
154.0,100.0,3.0,1.0
94.0,96.0,3.0,2.0
148.0,140.0,3.0,2.0
148.0,140.0,3.0,2.0
75.0,84.0,2.0,2.0
180.0,120.0,4.0,3.0
180.0,120.0,4.0,3.0
210.0,67.0,2.0,2.0
347.0,303.0,3.0,3.0
508.0,278.0,4.0,4.0
128.0,200.0,3.0,3.0
60.0,61.0,2.0,2.0
60.0,40.0,2.0,2.0
72.0,48.0,3.0,1.0
72.0,39.0,2.0,1.0
60.0,27.0,2.0,1.0
60.0,27.0,2.0,1.0
64.0,60.0,3.0,2.0
60.0,61.0,2.0,2.0
27.0,60.0,2.0,1.0
60.0,61.0,2.0,2.0
72.0,36.0,2.0,1.0
72.0,36.0,2.0,1.0
120.0,90.0,2.0,2.0
147.0,40.0,2.0,1.0
147.0,40.0,2.0,1.0
66.0,24.0,1.0,1.0
60.0,40.0,2.0,1.0
60.0,40.0,2.0,1.0
60.0,48.0,2.0,2.0
94.0,96.0,3.0,2.0
90.0,36.0,2.0,1.0
70.0,36.0,2.0,1.0
70.0,36.0,2.0,1.0
70.0,36.0,2.0,1.0
125.0,48.0,2.0,1.0
84.0,45.0,2.0,1.0
84.0,45.0,2.0,1.0
84.0,45.0,2.0,1.0
84.0,45.0,2.0,1.0
84.0,45.0,2.0,1.0
84.0,95.0,3.0,3.0
70.0,36.0,2.0,1.0
70.0,36.0,2.0,1.0
70.0,36.0,2.0,1.0
70.0,36.0,2.0,1.0
70.0,36.0,2.0,1.0
70.0,36.0,2.0,1.0
84.0,40.0,2.0,1.0
84.0,95.0,3.0,3.0
125.0,48.0,2.0,1.0
72.0,36.0,2.0,1.0
90.0,51.0,2.0,1.0
70.0,36.0,2.0,1.0
125.0,48.0,2.0,1.0
64.0,60.0,3.0,2.0
60.0,42.0,2.0,1.0
165.0,74.0,3.0,2.0
68.0,62.0,3.0,2.0
94.0,96.0,3.0,2.0
64.0,60.0,3.0,2.0
60.0,22.0,2.0,1.0
72.0,70.0,3.0,2.0
60.0,30.0,2.0,1.0
65.0,36.0,2.0,1.0
60.0,72.0,2.0,2.0
60.0,36.0,2.0,1.0
70.0,90.0,3.0,2.0
61.0,40.0,2.0,1.0
147.0,40.0,2.0,1.0
147.0,40.0,2.0,1.0
60.0,40.0,2.0,1.0
60.0,40.0,2.0,1.0
60.0,40.0,2.0,1.0
70.0,60.0,3.0,2.0
70.0,60.0,3.0,2.0
72.0,36.0,2.0,1.0
72.0,45.0,2.0,1.0
72.0,36.0,2.0,1.0
72.0,60.0,2.0,1.0
72.0,60.0,2.0,1.0
67.0,36.0,2.0,1.0
66.0,41.0,3.0,2.0
60.0,36.0,2.0,1.0
180.0,450.0,5.0,5.0
72.0,45.0,3.0,1.0
147.0,40.0,2.0,1.0
147.0,40.0,2.0,1.0
1068.0,400.0,3.0,2.0
238.0,154.0,3.0,3.0
924.0,220.0,3.0,3.0
600.0,220.0,3.0,2.0
600.0,220.0,3.0,3.0
250.0,200.0,6.0,2.0
72.0,36.0,2.0,1.0
928.0,100.0,4.0,2.0
100.0,70.0,4.0,2.0
94.0,96.0,3.0,2.0
8000.0,1000.0,4.0,5.0
500.0,350.0,37.0,15.0
394.0,176.0,3.0,2.0
170.0,90.0,3.0,2.0
105.0,80.0,2.0,1.0
563.0,171.0,6.0,3.0
195.0,149.0,3.0,2.0
195.0,149.0,3.0,3.0
136.0,168.0,3.0,2.0
198.0,170.0,4.0,3.0
240.0,250.0,4.0,3.0
94.0,96.0,3.0,2.0
180.0,180.0,4.0,4.0
240.0,228.0,4.0,4.0
160.0,88.0,3.0,2.0
465.0,347.0,5.0,3.0
214.0,275.0,3.0,2.0
90.0,80.0,2.0,1.0
86.0,40.0,2.0,1.0
94.0,96.0,3.0,2.0
85.0,45.0,2.0,1.0
72.0,36.0,2.0,1.0
60.0,32.0,2.0,1.0
60.0,36.0,2.0,1.0
60.0,36.0,2.0,1.0
60.0,36.0,2.0,1.0
60.0,36.0,2.0,1.0
60.0,36.0,2.0,1.0
84.0,42.0,2.0,1.0
147.0,40.0,2.0,1.0
147.0,40.0,2.0,1.0
42.0,84.0,2.0,1.0
50.0,36.0,2.0,1.0
1337.0,144.0,4.0,3.0
7400.0,1233.0,5.0,7.0
60.0,90.0,3.0,2.0
487.0,250.0,4.0,2.0
4640.0,500.0,4.0,4.0
2500.0,500.0,16.0,16.0
4600.0,500.0,4.0,3.0
1500.0,1000.0,3.0,3.0
150.0,100.0,4.0,2.0
1000.0,150.0,3.0,2.0
94.0,96.0,3.0,2.0
3033.0,500.0,16.0,8.0
363.0,170.0,3.0,3.0
531.0,222.0,3.0,3.0
94.0,96.0,3.0,2.0
94.0,96.0,3.0,2.0
94.0,96.0,3.0,2.0
94.0,96.0,3.0,2.0
60.0,36.0,2.0,1.0
60.0,36.0,2.0,1.0
5025.0,300.0,4.0,2.0
94.0,96.0,3.0,2.0
60.0,32.0,2.0,1.0
94.0,96.0,3.0,2.0
94.0,96.0,3.0,2.0
102.0,102.0,2.0,1.0
202.0,186.0,3.0,3.0
5930.0,800.0,13.0,8.0
94.0,96.0,3.0,2.0
94.0,96.0,3.0,2.0
90.0,60.0,2.0,1.0
94.0,96.0,3.0,2.0
92.0,71.0,3.0,2.0
94.0,96.0,3.0,2.0
94.0,96.0,3.0,2.0
94.0,96.0,3.0,2.0
94.0,96.0,3.0,2.0
94.0,96.0,3.0,2.0
5360.0,624.0,8.0,9.0
109.0,90.0,3.0,2.0
94.0,96.0,3.0,2.0
94.0,96.0,3.0,2.0
94.0,96.0,3.0,2.0
94.0,96.0,3.0,2.0
94.0,96.0,3.0,2.0
94.0,96.0,3.0,2.0
94.0,96.0,3.0,2.0
150.0,100.0,4.0,2.0
60.0,63.0,3.0,2.0
90.0,45.0,2.0,1.0
266.0,255.0,3.0,2.0
64.0,60.0,3.0,2.0
66.0,45.0,2.0,1.0
60.0,40.0,2.0,1.0
70.0,60.0,3.0,2.0
72.0,50.0,2.0,1.0
170.0,110.0,3.0,2.0
170.0,100.0,2.0,1.0
132.0,100.0,3.0,2.0
72.0,65.0,3.0,2.0
72.0,100.0,3.0,2.0
84.0,56.0,2.0,1.0
72.0,60.0,2.0,1.0
160.0,45.0,2.0,1.0
72.0,60.0,2.0,1.0
72.0,60.0,2.0,1.0
120.0,30.0,2.0,1.0
72.0,36.0,2.0,1.0
90.0,55.0,2.0,1.0
90.0,55.0,2.0,1.0
90.0,55.0,2.0,1.0
90.0,36.0,2.0,1.0
90.0,36.0,2.0,1.0
144.0,70.0,2.0,2.0
120.0,38.0,2.0,1.0
90.0,36.0,2.0,1.0
84.0,70.0,2.0,2.0
72.0,36.0,2.0,1.0
155.0,103.0,3.0,3.0
162.0,300.0,4.0,4.0
162.0,170.0,3.0,3.0
351.0,150.0,4.0,3.0
115.0,95.0,2.0,1.0
72.0,69.0,3.0,2.0
110.0,69.0,3.0,2.0
108.0,69.0,3.0,2.0
72.0,69.0,3.0,2.0
78.0,42.0,2.0,1.0
112.0,133.0,4.0,3.0
91.0,112.0,4.0,2.0
4000.0,2000.0,4.0,4.0
1750.0,500.0,3.0,3.0
200.0,350.0,3.0,3.0
4704.0,1000.0,4.0,3.0
198.0,350.0,4.0,3.0
178.0,100.0,4.0,2.0
110.0,161.0,3.0,3.0
636.0,350.0,4.0,4.0
72.0,72.0,2.0,1.0
72.0,36.0,2.0,1.0
4445.0,350.0,5.0,4.0
72.0,32.0,2.0,1.0
74.0,70.0,3.0,2.0
72.0,70.0,3.0,2.0
80.0,45.0,2.0,1.0
120.0,100.0,3.0,3.0
60.0,40.0,2.0,1.0
120.0,100.0,3.0,3.0
80.0,45.0,2.0,1.0
180.0,200.0,3.0,4.0
72.0,85.0,3.0,2.0
75.0,50.0,2.0,1.0
83.0,90.0,3.0,2.0
80.0,45.0,2.0,1.0
73.0,50.0,2.0,1.0
54.0,85.0,3.0,3.0
91.0,75.0,3.0,2.0
60.0,72.0,2.0,1.0
75.0,45.0,2.0,1.0
70.0,74.0,3.0,2.0
72.0,80.0,3.0,2.0
68.0,90.0,3.0,3.0
91.0,70.0,3.0,2.0
68.0,42.0,2.0,1.0
70.0,72.0,3.0,2.0
70.0,110.0,3.0,3.0
66.0,40.0,2.0,1.0
88.0,100.0,3.0,3.0
180.0,356.0,4.0,3.0
55.0,47.0,3.0,2.0
60.0,40.0,2.0,1.0
75.0,55.0,2.0,1.0
103.0,60.0,3.0,2.0
70.0,50.0,2.0,1.0
68.0,45.0,2.0,1.0
89.0,75.0,3.0,2.0
85.0,120.0,4.0,3.0
50.0,80.0,3.0,3.0
72.0,100.0,3.0,3.0
70.0,100.0,3.0,2.0
65.0,92.0,3.0,3.0
100.0,84.0,3.0,2.0
60.0,36.0,2.0,1.0
150.0,54.0,2.0,2.0
84.0,90.0,3.0,3.0
75.0,103.0,3.0,3.0
60.0,74.0,3.0,2.0
117.0,165.0,4.0,3.0
84.0,85.0,3.0,3.0
63.0,37.0,2.0,1.0
232.0,150.0,4.0,4.0
83.0,154.0,5.0,2.0
61.0,78.0,3.0,2.0
98.0,78.0,2.0,3.0
67.0,54.0,3.0,2.0
62.0,63.0,3.0,2.0
143.0,180.0,4.0,3.0
83.0,154.0,5.0,2.0
232.0,150.0,4.0,4.0
88.0,40.0,2.0,1.0
83.0,154.0,5.0,2.0
73.0,40.0,2.0,1.0
90.0,70.0,3.0,2.0
60.0,54.0,3.0,2.0
60.0,46.0,2.0,2.0
232.0,150.0,4.0,4.0
86.0,50.0,2.0,1.0
105.0,60.0,2.0,1.0
105.0,60.0,2.0,1.0
83.0,154.0,3.0,2.0
84.0,48.0,2.0,1.0
67.0,70.0,3.0,2.0
115.0,135.0,4.0,2.0
68.0,56.0,3.0,2.0
60.0,77.0,3.0,2.0
70.0,70.0,3.0,2.0
60.0,46.0,2.0,2.0
158.0,90.0,2.0,2.0
218.0,45.0,2.0,1.0
62.0,70.0,3.0,2.0
101.0,78.0,3.0,3.0
218.0,45.0,2.0,1.0
56.0,60.0,3.0,2.0
178.0,135.0,4.0,2.0
70.0,69.0,3.0,2.0
280.0,400.0,5.0,4.0
40.0,52.0,2.0,2.0
57.0,54.0,3.0,2.0
163.0,130.0,3.0,3.0
74.0,88.0,3.0,2.0
90.0,90.0,3.0,2.0
151.0,88.0,3.0,2.0
78.0,110.0,3.0,3.0
58.0,76.0,3.0,2.0
61.0,37.0,2.0,1.0
61.0,37.0,2.0,1.0
61.0,37.0,2.0,1.0
92.0,45.0,2.0,1.0
60.0,36.0,2.0,1.0
62.0,36.0,2.0,1.0
82.0,50.0,2.0,1.0
40.0,36.0,2.0,1.0
60.0,36.0,2.0,1.0
203.0,130.0,3.0,2.0
60.0,30.0,2.0,1.0
74.0,36.0,2.0,1.0
72.0,36.0,2.0,1.0
85.0,36.0,2.0,1.0
50.0,36.0,2.0,1.0
50.0,36.0,2.0,1.0
74.0,36.0,2.0,1.0
65.0,36.0,2.0,1.0
75.0,27.0,2.0,1.0
75.0,27.0,2.0,1.0
60.0,40.0,2.0,1.0
60.0,40.0,2.0,1.0
60.0,40.0,2.0,1.0
55.0,36.0,2.0,1.0
109.0,90.0,3.0,2.0
50.0,85.0,3.0,3.0
70.0,115.0,3.0,2.0
70.0,48.0,2.0,1.0
88.0,120.0,3.0,3.0
91.0,70.0,3.0,2.0
75.0,50.0,2.0,1.0
64.0,60.0,2.0,2.0
105.0,55.0,2.0,1.0
85.0,50.0,2.0,1.0
80.0,95.0,4.0,3.0
92.0,70.0,3.0,2.0
70.0,48.0,2.0,1.0
50.0,70.0,3.0,2.0
68.0,56.0,3.0,2.0
70.0,60.0,3.0,2.0
85.0,50.0,2.0,1.0
70.0,55.0,2.0,1.0
70.0,89.0,3.0,2.0
60.0,80.0,3.0,2.0
60.0,60.0,2.0,2.0
98.0,130.0,3.0,3.0
95.0,130.0,3.0,3.0
72.0,45.0,2.0,1.0
84.0,104.0,3.0,3.0
101.0,48.0,2.0,1.0
70.0,48.0,2.0,1.0
72.0,48.0,2.0,1.0
70.0,48.0,2.0,1.0
72.0,50.0,2.0,1.0
70.0,45.0,2.0,1.0
70.0,115.0,3.0,2.0
131.0,140.0,3.0,1.0
164.0,95.0,3.0,2.0
72.0,42.0,2.0,1.0
81.0,81.0,3.0,1.0
72.0,42.0,2.0,1.0
84.0,40.0,2.0,2.0
81.0,81.0,3.0,1.0
164.0,95.0,3.0,2.0
72.0,42.0,2.0,1.0
84.0,40.0,2.0,2.0
164.0,95.0,3.0,2.0
94.0,70.0,3.0,2.0
75.0,50.0,2.0,1.0
131.0,140.0,3.0,1.0
131.0,140.0,3.0,1.0
108.0,90.0,2.0,1.0
131.0,140.0,3.0,1.0
108.0,90.0,2.0,1.0
131.0,140.0,3.0,1.0
108.0,90.0,2.0,1.0
164.0,95.0,3.0,2.0
72.0,52.0,3.0,1.0
70.0,48.0,2.0,1.0
72.0,45.0,2.0,1.0
84.0,70.0,3.0,2.0
124.0,75.0,3.0,3.0
234.0,150.0,3.0,3.0
234.0,150.0,3.0,3.0
84.0,76.0,3.0,2.0
98.0,68.0,3.0,1.0
72.0,90.0,3.0,2.0
72.0,72.0,2.0,1.0
60.0,60.0,3.0,2.0
72.0,90.0,3.0,2.0
98.0,68.0,3.0,1.0
72.0,72.0,2.0,1.0
72.0,72.0,2.0,1.0
72.0,72.0,2.0,1.0
86.0,50.0,2.0,1.0
72.0,90.0,3.0,2.0
96.0,71.0,2.0,1.0
60.0,38.0,2.0,1.0
96.0,71.0,2.0,1.0
72.0,72.0,2.0,1.0
72.0,90.0,3.0,2.0
98.0,68.0,3.0,1.0
96.0,71.0,2.0,1.0
60.0,38.0,2.0,1.0
84.0,71.0,3.0,2.0
89.0,80.0,3.0,2.0
81.0,70.0,3.0,2.0
60.0,54.0,3.0,2.0
67.0,65.0,3.0,2.0
78.0,45.0,2.0,2.0
78.0,36.0,2.0,1.0
66.0,56.0,3.0,2.0
74.0,36.0,2.0,1.0
95.0,100.0,3.0,3.0
66.0,56.0,3.0,2.0
66.0,56.0,3.0,2.0
120.0,150.0,4.0,3.0
60.0,60.0,3.0,2.0
60.0,36.0,2.0,1.0
60.0,38.0,2.0,1.0
96.0,75.0,3.0,3.0
167.0,160.0,2.0,3.0
113.0,150.0,2.0,2.0
72.0,140.0,3.0,3.0
167.0,160.0,2.0,3.0
96.0,75.0,3.0,3.0
96.0,75.0,3.0,3.0
72.0,140.0,3.0,3.0
151.0,150.0,4.0,3.0
95.0,105.0,3.0,2.0
42.0,66.0,3.0,2.0
108.0,90.0,2.0,1.0
96.0,75.0,3.0,3.0
167.0,160.0,2.0,3.0
113.0,150.0,2.0,2.0
72.0,140.0,3.0,3.0
151.0,150.0,4.0,3.0
113.0,150.0,2.0,2.0
78.0,110.0,3.0,3.0
151.0,150.0,4.0,3.0
180.0,112.0,3.0,3.0
151.0,150.0,4.0,3.0
96.0,75.0,3.0,3.0
112.0,180.0,3.0,3.0
112.0,180.0,3.0,3.0
167.0,160.0,2.0,3.0
72.0,140.0,3.0,3.0
70.0,45.0,2.0,1.0
84.0,155.0,3.0,3.0
67.0,90.0,4.0,3.0
305.0,200.0,3.0,3.0
164.0,104.0,3.0,3.0
86.0,50.0,2.0,1.0
164.0,104.0,3.0,3.0
119.0,90.0,3.0,2.0
84.0,48.0,2.0,1.0
84.0,48.0,2.0,1.0
96.0,71.0,2.0,1.0
86.0,50.0,2.0,1.0
105.0,60.0,2.0,1.0
120.0,140.0,3.0,2.0
105.0,60.0,2.0,1.0
164.0,104.0,3.0,3.0
90.0,70.0,3.0,2.0
119.0,90.0,3.0,2.0
90.0,135.0,2.0,2.0
84.0,48.0,2.0,1.0
98.0,78.0,2.0,3.0
120.0,140.0,3.0,2.0
164.0,104.0,3.0,3.0
220.0,180.0,3.0,3.0
140.0,140.0,3.0,2.0
160.0,230.0,4.0,3.0
90.0,70.0,2.0,1.0
180.0,200.0,3.0,4.0
119.0,90.0,3.0,2.0
119.0,90.0,3.0,2.0
71.0,61.0,3.0,2.0
90.0,70.0,2.0,1.0
90.0,70.0,2.0,1.0
180.0,200.0,3.0,4.0
115.0,145.0,3.0,3.0
90.0,45.0,2.0,2.0
106.0,150.0,3.0,3.0
106.0,150.0,3.0,3.0
106.0,150.0,3.0,3.0
106.0,150.0,3.0,3.0
150.0,115.0,3.0,3.0
194.0,120.0,3.0,4.0
55.0,55.0,2.0,2.0
180.0,200.0,3.0,4.0
98.0,68.0,3.0,1.0
115.0,145.0,3.0,3.0
90.0,45.0,2.0,2.0
115.0,145.0,3.0,3.0
90.0,45.0,2.0,2.0
150.0,115.0,3.0,3.0
90.0,45.0,2.0,2.0
180.0,200.0,3.0,4.0
115.0,145.0,3.0,3.0
194.0,120.0,3.0,4.0
70.0,68.0,3.0,2.0
55.0,55.0,2.0,2.0
54.0,55.0,2.0,2.0
72.0,70.0,3.0,2.0
120.0,100.0,3.0,3.0
120.0,100.0,3.0,3.0
72.0,105.0,3.0,4.0
84.0,55.0,2.0,1.0
78.0,120.0,3.0,2.0
95.0,105.0,3.0,2.0
78.0,110.0,3.0,3.0
152.0,88.0,3.0,2.0
72.0,43.0,1.0,1.0
85.0,100.0,2.0,2.0
468.0,400.0,5.0,5.0
78.0,120.0,3.0,2.0
72.0,110.0,3.0,3.0
90.0,60.0,2.0,1.0
78.0,120.0,3.0,2.0
95.0,105.0,3.0,2.0
150.0,200.0,4.0,3.0
109.0,90.0,3.0,2.0
151.0,150.0,4.0,3.0
167.0,160.0,2.0,3.0
72.0,140.0,3.0,3.0
78.0,120.0,3.0,2.0
150.0,200.0,4.0,3.0
132.0,125.0,4.0,3.0
95.0,105.0,3.0,2.0
110.0,140.0,4.0,4.0
113.0,150.0,2.0,2.0
78.0,110.0,3.0,3.0
180.0,112.0,3.0,3.0
120.0,77.0,2.0,2.0
140.0,200.0,4.0,3.0
120.0,180.0,3.0,3.0
118.0,160.0,3.0,3.0
120.0,158.0,3.0,3.0
60.0,73.0,3.0,2.0
246.0,320.0,4.0,4.0
200.0,365.0,4.0,4.0
112.0,56.0,3.0,1.0
70.0,115.0,3.0,2.0
120.0,180.0,4.0,2.0
250.0,225.0,3.0,3.0
425.0,237.0,5.0,4.0
170.0,200.0,4.0,2.0
65.0,78.0,3.0,3.0
120.0,178.0,3.0,3.0
101.0,78.0,3.0,3.0
118.0,160.0,4.0,3.0
234.0,400.0,3.0,3.0
158.0,145.0,2.0,2.0
321.0,500.0,6.0,4.0
500.0,460.0,3.0,3.0
300.0,250.0,3.0,3.0
150.0,220.0,3.0,3.0
710.0,388.0,4.0,3.0
540.0,350.0,4.0,3.0
387.0,175.0,4.0,3.0
72.0,110.0,3.0,4.0
60.0,70.0,2.0,2.0
187.0,200.0,3.0,3.0
78.0,110.0,3.0,3.0
120.0,83.0,2.0,2.0
120.0,140.0,3.0,3.0
108.0,150.0,2.0,2.0
132.0,90.0,2.0,2.0
80.0,138.0,3.0,3.0
75.0,36.0,2.0,1.0
120.0,91.0,3.0,2.0
56.0,93.0,2.0,2.0
62.0,73.0,3.0,2.0
71.0,84.0,3.0,3.0
93.0,88.0,3.0,2.0
150.0,200.0,4.0,3.0
390.0,300.0,4.0,4.0
93.0,88.0,3.0,2.0
68.0,40.0,2.0,1.0
109.0,90.0,3.0,2.0
72.0,43.0,1.0,1.0
82.0,50.0,2.0,1.0
108.0,90.0,2.0,1.0
82.0,50.0,2.0,1.0
120.0,45.0,2.0,1.0
109.0,90.0,3.0,2.0
72.0,90.0,3.0,2.0
109.0,90.0,3.0,2.0
66.0,42.0,2.0,1.0
60.0,40.0,2.0,1.0
72.0,43.0,1.0,1.0
50.0,36.0,2.0,1.0
90.0,160.0,3.0,2.0
82.0,50.0,2.0,1.0
81.0,81.0,3.0,1.0
164.0,95.0,3.0,2.0
90.0,160.0,3.0,2.0
72.0,43.0,1.0,1.0
72.0,42.0,2.0,1.0
120.0,100.0,3.0,3.0
72.0,43.0,1.0,1.0
82.0,50.0,2.0,1.0
120.0,100.0,3.0,3.0
84.0,40.0,2.0,2.0
109.0,90.0,3.0,2.0
101.0,78.0,3.0,3.0
101.0,91.0,3.0,3.0
91.0,101.0,4.0,3.0
60.0,45.0,2.0,1.0
600.0,300.0,4.0,3.0
84.0,75.0,2.0,2.0
68.0,56.0,3.0,2.0
70.0,69.0,3.0,2.0
68.0,38.0,2.0,1.0
72.0,52.0,3.0,1.0
84.0,45.0,2.0,1.0
70.0,118.0,4.0,2.0
70.0,115.0,3.0,2.0
124.0,135.0,4.0,4.0
63.0,40.0,2.0,1.0
158.0,133.0,4.0,4.0
142.0,126.0,3.0,3.0
50.0,36.0,2.0,1.0
200.0,120.0,3.0,4.0
101.0,78.0,3.0,3.0
55.0,42.0,2.0,1.0
72.0,42.0,2.0,1.0
73.0,45.0,2.0,1.0
120.0,79.0,3.0,2.0
60.0,80.0,4.0,2.0
144.0,68.0,2.0,2.0
50.0,36.0,2.0,1.0
112.0,120.0,5.0,4.0
66.0,50.0,2.0,1.0
119.0,80.0,3.0,1.0
110.0,103.0,3.0,3.0
96.0,103.0,3.0,2.0
84.0,85.0,3.0,2.0
84.0,75.0,2.0,2.0
106.0,75.0,2.0,2.0
129.0,120.0,4.0,4.0
84.0,75.0,3.0,3.0
72.0,45.0,2.0,1.0
96.0,103.0,4.0,4.0
70.0,34.0,2.0,1.0
52.0,63.0,2.0,2.0
230.0,150.0,3.0,3.0
92.0,74.0,3.0,2.0
76.0,66.0,3.0,2.0
72.0,72.0,3.0,2.0
75.0,60.0,3.0,2.0
121.0,71.0,2.0,2.0
98.0,78.0,2.0,3.0
98.0,78.0,2.0,3.0
50.0,30.0,2.0,1.0
62.0,70.0,3.0,2.0
120.0,158.0,3.0,3.0
235.0,225.0,3.0,2.0
98.0,78.0,2.0,2.0
70.0,69.0,3.0,2.0
105.0,60.0,2.0,1.0
80.0,45.0,2.0,1.0
80.0,45.0,2.0,1.0
87.0,45.0,2.0,1.0
60.0,36.0,3.0,1.0
109.0,144.0,3.0,3.0
128.0,110.0,3.0,1.0
87.0,45.0,2.0,1.0
120.0,57.0,2.0,1.0
106.0,150.0,3.0,3.0
150.0,200.0,4.0,3.0
96.0,75.0,3.0,3.0
72.0,80.0,3.0,3.0
72.0,80.0,3.0,3.0
72.0,75.0,3.0,2.0
60.0,51.0,2.0,2.0
97.0,130.0,3.0,3.0
50.0,50.0,2.0,2.0
102.0,120.0,3.0,3.0
57.0,72.0,3.0,2.0
100.0,120.0,4.0,3.0
72.0,75.0,3.0,2.0
127.0,168.0,5.0,5.0
72.0,120.0,3.0,3.0
100.0,120.0,3.0,3.0
100.0,130.0,3.0,3.0
77.0,140.0,3.0,3.0
72.0,75.0,3.0,2.0
86.0,110.0,3.0,3.0
127.0,170.0,4.0,3.0
125.0,136.0,3.0,3.0
72.0,42.0,2.0,1.0
300.0,317.0,4.0,4.0
90.0,45.0,2.0,2.0
194.0,120.0,3.0,4.0
72.0,90.0,3.0,2.0
83.0,154.0,5.0,2.0
115.0,145.0,3.0,3.0
450.0,250.0,6.0,2.0
80.0,100.0,3.0,3.0
80.0,60.0,4.0,3.0
81.0,80.0,3.0,3.0
400.0,250.0,6.0,2.0
100.0,66.0,4.0,4.0
50.0,36.0,2.0,1.0
72.0,72.0,2.0,1.0
98.0,100.0,3.0,3.0
60.0,85.0,3.0,3.0
68.0,90.0,3.0,3.0
80.0,70.0,3.0,2.0
93.0,88.0,3.0,2.0
72.0,110.0,3.0,3.0
92.0,100.0,3.0,2.0
98.0,130.0,3.0,3.0
60.0,75.0,3.0,2.0
98.0,130.0,3.0,3.0
127.0,180.0,5.0,5.0
100.0,90.0,4.0,2.0
46.0,36.0,2.0,1.0
268.0,140.0,4.0,3.0
72.0,50.0,2.0,1.0
40.0,46.0,2.0,2.0
80.0,70.0,3.0,2.0
80.0,70.0,3.0,2.0
80.0,70.0,3.0,2.0
63.0,70.0,3.0,2.0
93.0,88.0,2.0,1.0
93.0,88.0,2.0,1.0
84.0,189.0,3.0,3.0
260.0,387.0,4.0,3.0
60.0,132.0,3.0,3.0
89.0,227.0,5.0,4.0
112.0,160.0,4.0,2.0
84.0,144.0,5.0,2.0
120.0,200.0,3.0,2.0
75.0,150.0,4.0,3.0
105.0,196.0,4.0,4.0
64.0,168.0,4.0,3.0
50.0,128.0,3.0,3.0
61.0,144.0,3.0,3.0
225.0,255.0,1.0,1.0
135.0,250.0,3.0,3.0
136.0,336.0,10.0,11.0
198.0,500.0,6.0,2.0
233.0,315.0,5.0,6.0
140.0,140.0,3.0,3.0
64.0,168.0,4.0,3.0
88.0,200.0,6.0,4.0
377.0,712.0,4.0,4.0
75.0,150.0,3.0,3.0
225.0,255.0,1.0,1.0
141.0,282.0,1.0,1.0
282.0,300.0,3.0,3.0
156.0,123.0,3.0,2.0
192.0,192.0,1.0,1.0
258.0,400.0,6.0,5.0
84.0,189.0,3.0,3.0
55.0,131.0,4.0,3.0
378.0,1000.0,5.0,4.0
36.0,73.0,3.0,3.0
117.0,150.0,3.0,2.0
377.0,570.0,4.0,4.0
80.0,170.0,3.0,3.0
75.0,150.0,3.0,3.0
84.0,180.0,3.0,3.0
136.0,336.0,10.0,11.0
39.0,110.0,3.0,3.0
84.0,185.0,3.0,2.0
102.0,294.0,4.0,5.0
140.0,210.0,4.0,4.0
140.0,126.0,3.0,2.0
168.0,236.0,3.0,3.0
180.0,168.0,3.0,3.0
80.0,130.0,3.0,3.0
95.0,150.0,4.0,4.0
121.0,180.0,4.0,4.0
113.0,160.0,4.0,4.0
70.0,120.0,3.0,3.0
40.0,80.0,2.0,2.0
110.0,140.0,4.0,4.0
168.0,230.0,4.0,4.0
110.0,140.0,4.0,4.0
95.0,150.0,3.0,3.0
97.0,130.0,3.0,3.0
112.0,240.0,4.0,4.0
125.0,160.0,5.0,5.0
210.0,280.0,4.0,4.0
96.0,150.0,3.0,3.0
96.0,150.0,3.0,3.0
78.0,110.0,3.0,3.0
110.0,140.0,4.0,4.0
5250.0,200.0,4.0,3.0
77.0,120.0,3.0,3.0
165.0,300.0,5.0,4.0
126.0,240.0,5.0,4.0
139.0,240.0,5.0,5.0
112.0,240.0,4.0,4.0
279.0,210.0,3.0,3.0
150.0,250.0,4.0,4.0
277.0,310.0,3.0,4.0
277.0,310.0,3.0,4.0
92.0,230.0,4.0,4.0
120.0,220.0,4.0,3.0
77.0,130.0,4.0,4.0
135.0,200.0,4.0,3.0
1450.0,910.0,4.0,3.0
78.0,120.0,3.0,2.0
101.0,260.0,4.0,4.0
202.0,300.0,4.0,4.0
90.0,150.0,4.0,4.0
126.0,160.0,4.0,4.0
163.0,380.0,4.0,4.0
170.0,169.0,4.0,4.0
120.0,165.0,3.0,3.0
63.0,100.0,3.0,3.0
223.0,320.0,6.0,6.0
585.0,480.0,6.0,3.0
60.0,62.0,3.0,2.0
600.0,550.0,5.0,3.0
60.0,132.0,3.0,3.0
60.0,70.0,3.0,2.0
216.0,250.0,3.0,2.0
373.0,132.0,5.0,3.0
264.0,360.0,4.0,4.0
433.0,300.0,4.0,3.0
300.0,400.0,5.0,3.0
128.0,270.0,6.0,6.0
118.0,180.0,3.0,3.0
1431.0,500.0,6.0,5.0
60.0,74.0,3.0,2.0
450.0,850.0,4.0,4.0
200.0,400.0,4.0,3.0
400.0,700.0,4.0,3.0
450.0,600.0,5.0,3.0
542.0,1100.0,4.0,4.0
785.0,839.0,6.0,6.0
270.0,700.0,6.0,5.0
377.0,1100.0,7.0,7.0
300.0,320.0,3.0,3.0
75.0,98.0,3.0,3.0
785.0,839.0,6.0,5.0
100.0,150.0,3.0,3.0
150.0,160.0,3.0,3.0
360.0,550.0,4.0,4.0
216.0,200.0,4.0,4.0
75.0,100.0,3.0,3.0
90.0,100.0,3.0,3.0
120.0,146.0,3.0,3.0
130.0,182.0,4.0,3.0
100.0,120.0,3.0,3.0
640.0,1300.0,6.0,6.0
578.0,700.0,5.0,5.0
300.0,500.0,5.0,4.0
270.0,270.0,5.0,5.0
180.0,250.0,4.0,3.0
250.0,300.0,4.0,4.0
100.0,120.0,3.0,3.0
363.0,600.0,4.0,4.0
120.0,150.0,3.0,3.0
300.0,500.0,5.0,4.0
270.0,270.0,5.0,5.0
102.0,160.0,3.0,3.0
300.0,500.0,5.0,5.0
45.0,55.0,3.0,2.0
184.0,200.0,4.0,4.0
230.0,450.0,4.0,3.0
300.0,750.0,4.0,4.0
580.0,700.0,4.0,4.0
580.0,700.0,4.0,4.0
270.0,700.0,5.0,5.0
230.0,450.0,3.0,2.0
180.0,224.0,4.0,4.0
225.0,300.0,6.0,4.0
90.0,120.0,3.0,3.0
200.0,297.0,3.0,3.0
100.0,115.0,3.0,2.0
45.0,54.0,2.0,2.0
90.0,119.0,3.0,3.0
1000.0,2800.0,5.0,5.0
325.0,885.0,4.0,4.0
90.0,136.0,3.0,3.0
290.0,320.0,4.0,5.0
390.0,500.0,4.0,4.0
459.0,325.0,4.0,3.0
455.0,900.0,5.0,5.0
150.0,209.0,4.0,4.0
785.0,785.0,5.0,5.0
216.0,528.0,3.0,3.0
325.0,600.0,6.0,4.0
80.0,98.0,3.0,3.0
520.0,1000.0,4.0,5.0
290.0,500.0,4.0,3.0
136.0,300.0,5.0,5.0
90.0,120.0,3.0,3.0
180.0,224.0,4.0,4.0
160.0,200.0,4.0,4.0
290.0,400.0,4.0,3.0
785.0,839.0,6.0,5.0
270.0,600.0,3.0,3.0
250.0,300.0,3.0,3.0
520.0,1000.0,4.0,7.0
250.0,400.0,3.0,3.0
160.0,200.0,3.0,3.0
300.0,300.0,4.0,3.0
377.0,1100.0,7.0,7.0
120.0,150.0,3.0,2.0
250.0,600.0,3.0,3.0
357.0,500.0,4.0,4.0
120.0,130.0,3.0,3.0
250.0,330.0,4.0,5.0
160.0,200.0,3.0,3.0
160.0,220.0,3.0,3.0
180.0,300.0,4.0,4.0
300.0,700.0,4.0,4.0
60.0,150.0,3.0,3.0
230.0,360.0,4.0,4.0
300.0,750.0,5.0,7.0
200.0,200.0,4.0,3.0
102.0,120.0,3.0,3.0
120.0,200.0,3.0,2.0
144.0,208.0,4.0,3.0
160.0,300.0,4.0,3.0
260.0,500.0,3.0,4.0
204.0,200.0,4.0,2.0
64.0,140.0,3.0,4.0
379.0,300.0,4.0,3.0
600.0,720.0,4.0,3.0
120.0,200.0,4.0,3.0
200.0,325.0,3.0,3.0
140.0,250.0,4.0,3.0
56.0,150.0,3.0,3.0
360.0,550.0,4.0,4.0
144.0,200.0,4.0,3.0
150.0,200.0,6.0,5.0
117.0,177.0,4.0,3.0
97.0,120.0,3.0,2.0
97.0,120.0,3.0,2.0
160.0,250.0,4.0,3.0
97.0,120.0,3.0,2.0
175.0,185.0,2.0,2.0
1295.0,600.0,9.0,9.0
195.0,350.0,3.0,3.0
588.0,823.0,5.0,4.0
64.0,140.0,3.0,4.0
80.0,110.0,3.0,3.0
125.0,140.0,3.0,3.0
150.0,165.0,4.0,2.0
80.0,110.0,3.0,3.0
125.0,140.0,3.0,3.0
125.0,186.0,3.0,3.0
250.0,340.0,3.0,4.0
125.0,150.0,3.0,3.0
125.0,150.0,3.0,3.0
60.0,85.0,3.0,3.0
80.0,120.0,3.0,3.0
125.0,150.0,3.0,3.0
80.0,120.0,3.0,3.0
125.0,150.0,3.0,3.0
125.0,150.0,3.0,3.0
125.0,150.0,3.0,3.0
250.0,239.0,4.0,3.0
125.0,149.0,3.0,3.0
18.0,35.0,2.0,1.0
17.0,33.0,2.0,1.0
18.0,35.0,2.0,1.0
17.0,33.0,2.0,1.0
15.0,28.0,1.0,1.0
18.0,35.0,2.0,1.0
18.0,33.0,2.0,2.0
60.0,87.0,2.0,2.0
120.0,120.0,3.0,3.0
180.0,250.0,4.0,3.0
120.0,120.0,3.0,3.0
180.0,250.0,4.0,3.0
128.0,156.0,3.0,4.0
90.0,100.0,3.0,2.0
200.0,400.0,4.0,3.0
90.0,120.0,3.0,3.0
108.0,156.0,3.0,3.0
144.0,200.0,3.0,3.0
90.0,120.0,2.0,3.0
90.0,110.0,3.0,3.0
162.0,200.0,3.0,3.0
144.0,147.0,4.0,3.0
144.0,147.0,3.0,4.0
200.0,211.0,3.0,2.0
48.0,76.0,2.0,2.0
114.0,110.0,3.0,2.0
210.0,150.0,5.0,3.0
216.0,241.0,4.0,3.0
75.0,67.0,2.0,2.0
180.0,100.0,3.0,2.0
180.0,115.0,3.0,3.0
77.0,88.0,3.0,2.0
180.0,115.0,3.0,3.0
77.0,88.0,3.0,2.0
180.0,115.0,3.0,3.0
105.0,85.0,3.0,2.0
69.0,74.0,3.0,3.0
112.0,112.0,3.0,3.0
85.0,60.0,2.0,2.0
75.0,90.0,3.0,2.0
90.0,93.0,2.0,2.0
98.0,115.0,3.0,4.0
105.0,105.0,3.0,2.0
1287.0,550.0,4.0,3.0
336.0,250.0,4.0,3.0
110.0,220.0,3.0,3.0
575.0,264.0,4.0,3.0
575.0,264.0,4.0,3.0
786.0,450.0,4.0,4.0
144.0,373.0,4.0,3.0
150.0,200.0,4.0,2.0
1300.0,500.0,7.0,5.0
212.0,175.0,3.0,2.0
900.0,700.0,21.0,21.0
915.0,600.0,20.0,20.0
1189.0,600.0,4.0,4.0
465.0,500.0,5.0,4.0
240.0,250.0,4.0,2.0
1479.0,1000.0,4.0,5.0
522.0,900.0,4.0,4.0
597.0,350.0,5.0,2.0
532.0,408.0,4.0,3.0
1305.0,1200.0,6.0,7.0
270.0,282.0,4.0,3.0
277.0,452.0,4.0,3.0
204.0,320.0,4.0,2.0
452.0,400.0,4.0,5.0
285.0,350.0,6.0,3.0
285.0,350.0,6.0,3.0
200.0,180.0,3.0,2.0
725.0,350.0,4.0,4.0
392.0,350.0,4.0,3.0
350.0,250.0,3.0,3.0
320.0,250.0,4.0,4.0
500.0,620.0,12.0,7.0
163.0,255.0,5.0,5.0
2050.0,1500.0,12.0,12.0
855.0,352.0,5.0,3.0
973.0,1100.0,4.0,4.0
886.0,1200.0,5.0,5.0
348.0,400.0,3.0,3.0
230.0,550.0,5.0,5.0
506.0,350.0,4.0,4.0
1197.0,500.0,4.0,3.0
404.0,350.0,3.0,3.0
1080.0,400.0,4.0,3.0
460.0,550.0,4.0,3.0
320.0,250.0,4.0,4.0
200.0,250.0,4.0,3.0
552.0,200.0,4.0,3.0
207.0,360.0,4.0,4.0
315.0,600.0,3.0,3.0
1592.0,938.0,4.0,2.0
738.0,950.0,4.0,4.0
980.0,500.0,3.0,3.0
1050.0,550.0,5.0,4.0
251.0,300.0,4.0,4.0
1100.0,700.0,4.0,3.0
260.0,500.0,4.0,4.0
1000.0,600.0,4.0,4.0
1270.0,800.0,5.0,5.0
700.0,350.0,4.0,4.0
1080.0,500.0,6.0,4.0
662.0,405.0,4.0,4.0
980.0,500.0,3.0,3.0
260.0,450.0,4.0,5.0
240.0,280.0,3.0,3.0
150.0,200.0,4.0,3.0
600.0,325.0,6.0,3.0
23.0,43.0,2.0,2.0
36.0,68.0,3.0,2.0
163.0,250.0,3.0,3.0
36.0,64.0,3.0,2.0
23.0,43.0,2.0,2.0
36.0,68.0,3.0,2.0
36.0,69.0,2.0,2.0
300.0,425.0,5.0,5.0
1010.0,1200.0,4.0,4.0
1010.0,1200.0,4.0,4.0
560.0,600.0,5.0,4.0
280.0,550.0,4.0,4.0
464.0,640.0,4.0,4.0
740.0,340.0,4.0,4.0
740.0,340.0,4.0,4.0
260.0,345.0,4.0,4.0
632.0,500.0,4.0,4.0
3475.0,1440.0,12.0,12.0
997.0,500.0,4.0,4.0
3475.0,1440.0,12.0,12.0
928.0,600.0,5.0,5.0
732.0,500.0,4.0,4.0
928.0,600.0,5.0,5.0
732.0,500.0,4.0,2.0
144.0,200.0,3.0,3.0
265.0,645.0,7.0,4.0
144.0,300.0,4.0,3.0
230.0,450.0,4.0,3.0
144.0,220.0,3.0,3.0
180.0,250.0,5.0,3.0
144.0,400.0,4.0,3.0
136.0,200.0,4.0,3.0
230.0,450.0,4.0,3.0
160.0,240.0,4.0,3.0
144.0,400.0,4.0,3.0
150.0,200.0,3.0,3.0
144.0,250.0,3.0,2.0
300.0,450.0,3.0,3.0
200.0,700.0,4.0,3.0
180.0,350.0,4.0,3.0
200.0,200.0,4.0,2.0
144.0,300.0,5.0,4.0
200.0,300.0,4.0,4.0
136.0,200.0,3.0,3.0
120.0,350.0,4.0,3.0
250.0,370.0,4.0,3.0
144.0,250.0,4.0,3.0
144.0,500.0,4.0,4.0
144.0,300.0,4.0,4.0
136.0,180.0,4.0,3.0
144.0,250.0,5.0,3.0
52.0,71.0,3.0,3.0
33.0,62.0,2.0,2.0
33.0,62.0,2.0,3.0
40.0,71.0,2.0,2.0
560.0,1200.0,4.0,4.0
550.0,1200.0,4.0,4.0
560.0,1200.0,4.0,4.0
700.0,1030.0,4.0,3.0
2700.0,5000.0,7.0,8.0
752.0,3000.0,5.0,4.0
90.0,108.0,3.0,2.0
90.0,108.0,3.0,2.0
150.0,250.0,4.0,4.0
120.0,200.0,4.0,4.0
150.0,280.0,4.0,3.0
120.0,160.0,3.0,2.0
120.0,200.0,4.0,3.0
144.0,208.0,4.0,3.0
33.0,100.0,3.0,3.0
55.0,120.0,3.0,2.0
56.0,105.0,2.0,2.0
120.0,240.0,4.0,4.0
425.0,500.0,4.0,3.0
747.0,1000.0,6.0,7.0
652.0,526.0,7.0,4.0
425.0,410.0,4.0,3.0
144.0,250.0,4.0,3.0
950.0,1500.0,4.0,4.0
660.0,800.0,4.0,4.0
1225.0,800.0,6.0,6.0
474.0,1200.0,4.0,5.0
475.0,1200.0,4.0,4.0
519.0,470.0,5.0,4.0
909.0,500.0,3.0,3.0
733.0,548.0,7.0,8.0
733.0,548.0,7.0,8.0
100.0,135.0,3.0,3.0
135.0,200.0,3.0,2.0
90.0,135.0,4.0,4.0
37.0,57.0,3.0,3.0
100.0,135.0,3.0,3.0
37.0,57.0,3.0,3.0
132.0,88.0,3.0,2.0
100.0,130.0,3.0,3.0
56.0,87.0,3.0,3.0
35.0,69.0,2.0,2.0
179.0,230.0,4.0,3.0
36.0,66.0,3.0,3.0
210.0,180.0,3.0,3.0
386.0,1000.0,4.0,3.0
386.0,1000.0,4.0,3.0
180.0,240.0,4.0,3.0
507.0,804.0,4.0,4.0
120.0,168.0,3.0,3.0
21.0,42.0,2.0,2.0
513.0,625.0,5.0,4.0
513.0,800.0,4.0,4.0
450.0,1000.0,6.0,5.0
400.0,1000.0,4.0,3.0
390.0,750.0,4.0,3.0
220.0,225.0,3.0,2.0
36.0,60.0,2.0,2.0
58.0,90.0,2.0,3.0
36.0,71.0,3.0,3.0
76.0,90.0,3.0,3.0
44.0,90.0,2.0,2.0
300.0,175.0,4.0,4.0
36.0,71.0,2.0,2.0
153.0,180.0,5.0,4.0
160.0,300.0,5.0,3.0
140.0,355.0,4.0,3.0
173.0,337.0,4.0,3.0
173.0,337.0,4.0,3.0
171.0,337.0,4.0,3.0
504.0,264.0,4.0,3.0
37.0,68.0,3.0,3.0
37.0,68.0,3.0,3.0
39.0,63.0,3.0,3.0
37.0,68.0,3.0,3.0
56.0,87.0,3.0,3.0
39.0,56.0,2.0,2.0
39.0,63.0,3.0,3.0
32.0,63.0,2.0,2.0
39.0,63.0,2.0,2.0
400.0,625.0,4.0,4.0
19.0,37.0,2.0,2.0
33.0,60.0,2.0,2.0
850.0,854.0,6.0,5.0
4260.0,2191.0,6.0,7.0
247.0,330.0,4.0,3.0
250.0,300.0,5.0,3.0
120.0,288.0,3.0,2.0
517.0,2417.0,50.0,50.0
425.0,550.0,5.0,4.0
480.0,480.0,4.0,3.0
307.0,400.0,4.0,4.0
200.0,400.0,4.0,4.0
1900.0,850.0,5.0,6.0
199.0,400.0,4.0,3.0
22.0,42.0,2.0,2.0
22.0,42.0,2.0,2.0
22.0,42.0,2.0,2.0
22.0,42.0,2.0,2.0
22.0,42.0,2.0,2.0
34.0,67.0,3.0,3.0
32.0,62.0,2.0,2.0
34.0,67.0,3.0,2.0
34.0,67.0,2.0,2.0
97.0,120.0,3.0,2.0
34.0,66.0,2.0,2.0
300.0,450.0,4.0,3.0
300.0,346.0,4.0,4.0
190.0,225.0,3.0,3.0
33.0,68.0,2.0,2.0
33.0,68.0,2.0,2.0
44.0,90.0,2.0,2.0
108.0,160.0,4.0,2.0
180.0,115.0,3.0,3.0
457.0,800.0,8.0,6.0
98.0,92.0,3.0,3.0
98.0,92.0,3.0,3.0
200.0,500.0,4.0,4.0
200.0,500.0,4.0,4.0
200.0,500.0,4.0,4.0
1305.0,1500.0,5.0,5.0
552.0,900.0,4.0,3.0
32.0,56.0,2.0,1.0
25.0,37.0,2.0,2.0
32.0,56.0,2.0,1.0
25.0,37.0,2.0,2.0
30.0,56.0,2.0,2.0
30.0,56.0,2.0,2.0
16.0,38.0,2.0,1.0
30.0,60.0,2.0,2.0
22.0,40.0,2.0,2.0
22.0,40.0,2.0,2.0
22.0,40.0,2.0,2.0
22.0,40.0,2.0,2.0
31.0,44.0,2.0,2.0
27.0,42.0,2.0,2.0
23.0,43.0,2.0,2.0
27.0,42.0,2.0,2.0
517.0,353.0,4.0,2.0
247.0,606.0,4.0,4.0
122.0,172.0,4.0,4.0
300.0,325.0,4.0,2.0
67.0,150.0,3.0,3.0
477.0,550.0,6.0,6.0
152.0,186.0,4.0,3.0
152.0,186.0,4.0,3.0
162.0,186.0,4.0,3.0
169.0,220.0,4.0,2.0
203.0,203.0,4.0,4.0
1592.0,938.0,4.0,4.0
1195.0,950.0,20.0,20.0
90.0,150.0,3.0,3.0
110.0,140.0,4.0,4.0
92.0,150.0,3.0,3.0
53.0,100.0,3.0,3.0
180.0,300.0,4.0,3.0
126.0,150.0,4.0,4.0
167.0,404.0,5.0,4.0
116.0,170.0,4.0,4.0
114.0,150.0,3.0,3.0
101.0,150.0,4.0,4.0
286.0,400.0,6.0,4.0
624.0,450.0,5.0,4.0
329.0,560.0,4.0,4.0
72.0,52.0,3.0,1.0
80.0,84.0,3.0,3.0
300.0,700.0,5.0,5.0
350.0,250.0,3.0,2.0
350.0,190.0,4.0,2.0
94.0,130.0,3.0,3.0
69.0,65.0,3.0,3.0
1000.0,800.0,8.0,4.0
109.0,200.0,4.0,3.0
104.0,126.0,3.0,2.0
94.0,200.0,4.0,4.0
94.0,200.0,4.0,3.0
348.0,260.0,4.0,3.0
375.0,500.0,5.0,5.0
109.0,200.0,4.0,3.0
127.0,142.0,3.0,3.0
500.0,550.0,5.0,6.0
400.0,700.0,4.0,4.0
79.0,120.0,3.0,3.0
1230.0,450.0,3.0,3.0
600.0,400.0,5.0,4.0
275.0,300.0,5.0,4.0
154.0,350.0,6.0,5.0
275.0,250.0,4.0,2.0
325.0,186.0,3.0,2.0
160.0,300.0,4.0,2.0
200.0,660.0,3.0,3.0
325.0,750.0,5.0,5.0
530.0,700.0,4.0,4.0
200.0,150.0,3.0,3.0
20.0,37.0,2.0,1.0
21.0,40.0,2.0,1.0
346.0,300.0,4.0,4.0
62.0,70.0,3.0,2.0
85.0,80.0,3.0,2.0
74.0,69.0,3.0,2.0
475.0,420.0,4.0,4.0
120.0,150.0,3.0,3.0
200.0,450.0,3.0,3.0
220.0,270.0,4.0,4.0
120.0,131.0,3.0,3.0
206.0,120.0,5.0,2.0
216.0,231.0,4.0,4.0
171.0,250.0,3.0,3.0
106.0,150.0,3.0,3.0
180.0,115.0,3.0,3.0
66.0,110.0,3.0,2.0
97.0,120.0,3.0,2.0
78.0,100.0,2.0,1.0
65.0,135.0,3.0,3.0
212.0,450.0,6.0,8.0
68.0,50.0,3.0,1.0
42.0,120.0,4.0,3.0
90.0,120.0,3.0,2.0
128.0,275.0,4.0,3.0
150.0,200.0,3.0,3.0
240.0,250.0,4.0,3.0
72.0,100.0,3.0,2.0
255.0,270.0,4.0,3.0
264.0,359.0,3.0,3.0
240.0,400.0,4.0,4.0
160.0,240.0,2.0,3.0
24.0,44.0,2.0,1.0
21.0,33.0,2.0,1.0
22.0,40.0,2.0,2.0
22.0,40.0,2.0,2.0
1076.0,120.0,5.0,3.0
144.0,220.0,5.0,3.0
144.0,220.0,5.0,3.0
74.0,150.0,3.0,3.0
193.0,370.0,4.0,4.0
71.0,60.0,3.0,2.0
55.0,65.0,2.0,2.0
512.0,700.0,6.0,7.0
491.0,1500.0,57.0,57.0
133.0,180.0,4.0,2.0
376.0,500.0,5.0,6.0
145.0,125.0,4.0,3.0
90.0,100.0,3.0,2.0
34.0,64.0,2.0,2.0
56.0,70.0,3.0,2.0
56.0,70.0,3.0,2.0
510.0,500.0,12.0,13.0
69.0,60.0,3.0,2.0
45.0,90.0,2.0,3.0
110.0,220.0,2.0,3.0
96.0,215.0,5.0,4.0
150.0,146.0,3.0,2.0
954.0,1797.0,8.0,8.0
1211.0,362.0,5.0,4.0
196.0,156.0,3.0,2.0
600.0,600.0,5.0,5.0
370.0,400.0,5.0,4.0
144.0,200.0,4.0,3.0
1020.0,350.0,6.0,3.0
208.0,250.0,4.0,3.0
661.0,450.0,11.0,6.0
313.0,450.0,5.0,5.0
401.0,400.0,4.0,5.0
540.0,814.0,10.0,10.0
530.0,610.0,4.0,3.0
530.0,600.0,4.0,3.0
680.0,1200.0,5.0,5.0
245.0,268.0,4.0,4.0
162.0,200.0,4.0,3.0
255.0,585.0,6.0,6.0
248.0,188.0,3.0,3.0
105.0,150.0,3.0,3.0
475.0,350.0,6.0,4.0
475.0,350.0,5.0,5.0
769.0,590.0,6.0,4.0
121.0,120.0,3.0,1.0
438.0,298.0,5.0,3.0
571.0,200.0,3.0,3.0
260.0,430.0,3.0,3.0
48.0,96.0,4.0,1.0
333.0,350.0,5.0,3.0
203.0,350.0,3.0,3.0
296.0,296.0,5.0,3.0
119.0,170.0,13.0,15.0
77.0,220.0,4.0,3.0
115.0,200.0,6.0,3.0
178.0,100.0,1.0,1.0
90.0,150.0,3.0,2.0
270.0,500.0,4.0,4.0
215.0,400.0,8.0,7.0
890.0,1800.0,54.0,54.0
68.0,100.0,4.0,3.0
83.0,105.0,3.0,2.0
144.0,350.0,3.0,3.0
260.0,400.0,3.0,3.0
120.0,160.0,4.0,2.0
108.0,220.0,4.0,4.0
195.0,165.0,4.0,4.0
256.0,400.0,4.0,5.0
108.0,133.0,2.0,2.0
260.0,350.0,5.0,3.0
303.0,500.0,4.0,4.0
220.0,250.0,4.0,3.0
32.0,38.0,2.0,1.0
150.0,200.0,6.0,4.0
105.0,135.0,3.0,3.0
160.0,209.0,4.0,3.0
124.0,138.0,5.0,4.0
320.0,390.0,6.0,5.0
200.0,150.0,5.0,3.0
140.0,176.0,4.0,3.0
205.0,241.0,4.0,4.0
200.0,155.0,3.0,2.0
200.0,155.0,3.0,2.0
105.0,134.0,3.0,2.0
124.0,138.0,3.0,2.0
240.0,450.0,4.0,4.0
240.0,450.0,4.0,4.0
124.0,138.0,4.0,4.0
105.0,134.0,3.0,3.0
104.0,135.0,3.0,3.0
105.0,134.0,3.0,3.0
240.0,208.0,4.0,3.0
200.0,155.0,5.0,4.0
320.0,390.0,6.0,4.0
140.0,176.0,4.0,4.0
105.0,134.0,4.0,4.0
144.0,277.0,5.0,4.0
105.0,134.0,3.0,3.0
160.0,209.0,4.0,3.0
140.0,176.0,4.0,3.0
160.0,209.0,4.0,3.0
140.0,176.0,4.0,3.0
160.0,209.0,5.0,4.0
105.0,134.0,4.0,3.0
140.0,176.0,5.0,4.0
105.0,134.0,4.0,4.0
108.0,195.0,5.0,6.0
200.0,155.0,4.0,3.0
105.0,135.0,3.0,3.0
91.0,170.0,6.0,2.0
160.0,209.0,4.0,4.0
105.0,135.0,3.0,3.0
140.0,176.0,4.0,3.0
105.0,134.0,3.0,2.0
140.0,176.0,4.0,3.0
160.0,209.0,4.0,3.0
50.0,63.0,2.0,1.0
350.0,750.0,4.0,4.0
205.0,241.0,4.0,4.0
200.0,193.0,5.0,4.0
128.0,138.0,3.0,2.0
200.0,155.0,6.0,7.0
160.0,209.0,4.0,3.0
105.0,134.0,2.0,2.0
105.0,135.0,3.0,3.0
80.0,80.0,3.0,2.0
91.0,170.0,6.0,2.0
144.0,180.0,3.0,2.0
90.0,95.0,2.0,2.0
300.0,700.0,5.0,6.0
144.0,277.0,5.0,4.0
170.0,110.0,3.0,2.0
124.0,138.0,3.0,2.0
144.0,200.0,3.0,3.0
117.0,177.0,4.0,3.0
105.0,134.0,3.0,3.0
200.0,193.0,4.0,3.0
200.0,155.0,4.0,3.0
320.0,390.0,5.0,4.0
126.0,231.0,6.0,6.0
144.0,277.0,5.0,4.0
157.0,270.0,4.0,4.0
350.0,750.0,5.0,5.0
215.0,287.0,5.0,4.0
108.0,195.0,4.0,3.0
473.0,705.0,6.0,7.0
108.0,195.0,5.0,4.0
144.0,277.0,5.0,4.0
105.0,135.0,5.0,4.0
230.0,540.0,4.0,4.0
144.0,100.0,3.0,3.0
76.0,67.0,3.0,2.0
124.0,138.0,3.0,2.0
200.0,155.0,4.0,3.0
105.0,134.0,3.0,3.0
103.0,90.0,3.0,1.0
140.0,176.0,4.0,3.0
144.0,277.0,5.0,4.0
105.0,134.0,5.0,4.0
124.0,138.0,4.0,4.0
205.0,183.0,4.0,5.0
200.0,160.0,3.0,2.0
144.0,277.0,5.0,4.0
200.0,250.0,4.0,4.0
126.0,231.0,4.0,3.0
144.0,277.0,5.0,4.0
198.0,287.0,5.0,4.0
240.0,450.0,4.0,4.0
105.0,134.0,3.0,3.0
108.0,195.0,5.0,4.0
200.0,240.0,4.0,3.0
280.0,360.0,4.0,4.0
105.0,135.0,4.0,3.0
124.0,138.0,4.0,4.0
198.0,287.0,5.0,4.0
105.0,135.0,3.0,3.0
160.0,209.0,4.0,3.0
140.0,176.0,4.0,3.0
250.0,300.0,3.0,3.0
136.0,110.0,3.0,1.0
102.0,125.0,3.0,2.0
102.0,111.0,3.0,2.0
224.0,340.0,4.0,3.0
763.0,650.0,4.0,4.0
152.0,140.0,3.0,3.0
250.0,180.0,4.0,2.0
473.0,705.0,6.0,7.0
240.0,460.0,4.0,4.0
96.0,116.0,4.0,3.0
140.0,176.0,4.0,3.0
216.0,283.0,4.0,3.0
84.0,128.0,3.0,3.0
96.0,110.0,4.0,2.0
161.0,200.0,3.0,2.0
414.0,840.0,5.0,6.0
214.0,230.0,4.0,3.0
106.0,151.0,4.0,3.0
120.0,130.0,3.0,3.0
72.0,41.0,2.0,1.0
96.0,110.0,4.0,2.0
180.0,217.0,3.0,3.0
180.0,257.0,3.0,3.0
120.0,102.0,2.0,2.0
91.0,170.0,6.0,2.0
72.0,36.0,2.0,1.0
216.0,283.0,4.0,4.0
120.0,126.0,5.0,4.0
120.0,130.0,3.0,3.0
90.0,65.0,2.0,1.0
585.0,425.0,4.0,5.0
119.0,123.0,4.0,3.0
162.0,154.0,4.0,3.0
238.0,178.0,4.0,3.0
105.0,114.0,3.0,2.0
249.0,180.0,3.0,3.0
180.0,257.0,3.0,3.0
80.0,102.0,3.0,2.0
128.0,129.0,3.0,3.0
180.0,217.0,3.0,4.0
135.0,168.0,4.0,3.0
136.0,135.0,3.0,3.0
72.0,120.0,3.0,3.0
233.0,135.0,3.0,2.0
182.0,180.0,4.0,4.0
136.0,200.0,4.0,3.0
105.0,107.0,3.0,2.0
90.0,65.0,3.0,2.0
52.0,60.0,3.0,2.0
72.0,84.0,3.0,2.0
152.0,225.0,4.0,4.0
162.0,159.0,3.0,2.0
153.0,196.0,4.0,3.0
136.0,200.0,4.0,2.0
128.0,160.0,4.0,3.0
108.0,105.0,3.0,3.0
120.0,116.0,3.0,3.0
72.0,77.0,3.0,2.0
96.0,116.0,4.0,3.0
102.0,80.0,3.0,3.0
128.0,200.0,3.0,3.0
252.0,153.0,3.0,3.0
360.0,300.0,4.0,3.0
84.0,90.0,3.0,2.0
80.0,102.0,3.0,3.0
96.0,120.0,3.0,3.0
48.0,63.0,2.0,2.0
128.0,130.0,4.0,3.0
450.0,450.0,4.0,4.0
144.0,164.0,3.0,3.0
162.0,182.0,4.0,3.0
426.0,394.0,6.0,4.0
278.0,200.0,3.0,2.0
160.0,240.0,3.0,3.0
180.0,217.0,3.0,3.0
128.0,129.0,3.0,3.0
128.0,160.0,4.0,3.0
170.0,212.0,4.0,3.0
154.0,140.0,3.0,3.0
157.0,148.0,4.0,4.0
1150.0,6000.0,99.0,99.0
303.0,300.0,4.0,3.0
192.0,250.0,3.0,3.0
180.0,257.0,3.0,3.0
48.0,63.0,2.0,2.0
216.0,283.0,4.0,3.0
96.0,150.0,3.0,3.0
96.0,150.0,3.0,3.0
144.0,212.0,4.0,3.0
90.0,60.0,2.0,1.0
136.0,200.0,4.0,3.0
78.0,60.0,3.0,2.0
85.0,60.0,3.0,2.0
128.0,160.0,4.0,3.0
135.0,168.0,4.0,3.0
238.0,178.0,4.0,4.0
585.0,425.0,4.0,5.0
216.0,300.0,4.0,4.0
303.0,300.0,5.0,4.0
136.0,200.0,3.0,3.0
202.0,106.0,3.0,2.0
48.0,65.0,2.0,2.0
300.0,157.0,3.0,2.0
119.0,97.0,3.0,2.0
144.0,250.0,3.0,2.0
96.0,116.0,4.0,3.0
140.0,176.0,4.0,3.0
200.0,180.0,4.0,4.0
300.0,480.0,5.0,7.0
396.0,465.0,5.0,4.0
128.0,144.0,3.0,3.0
220.0,398.0,5.0,6.0
84.0,126.0,3.0,3.0
300.0,480.0,5.0,5.0
200.0,358.0,4.0,4.0
32.0,90.0,4.0,2.0
396.0,465.0,5.0,5.0
128.0,183.0,4.0,4.0
220.0,285.0,4.0,3.0
90.0,65.0,3.0,2.0
72.0,71.0,2.0,2.0
185.0,181.0,4.0,4.0
157.0,270.0,4.0,4.0
63.0,83.0,3.0,3.0
60.0,73.0,3.0,2.0
48.0,45.0,2.0,1.0
70.0,78.0,3.0,2.0
70.0,50.0,3.0,2.0
98.0,130.0,3.0,2.0
480.0,400.0,5.0,4.0
402.0,450.0,4.0,3.0
50.0,68.0,3.0,2.0
235.0,200.0,3.0,3.0
60.0,78.0,4.0,2.0
801.0,1046.0,5.0,4.0
120.0,135.0,4.0,3.0
396.0,1.0,5.0,5.0
300.0,175.0,3.0,2.0
70.0,78.0,3.0,2.0
105.0,80.0,2.0,1.0
1884.0,500.0,5.0,3.0
64.0,65.0,2.0,2.0
53.0,60.0,2.0,2.0
372.0,250.0,4.0,3.0
181.0,182.0,3.0,3.0
220.0,398.0,5.0,5.0
200.0,358.0,4.0,4.0
150.0,190.0,4.0,3.0
60.0,67.0,2.0,2.0
50.0,70.0,3.0,2.0
240.0,350.0,4.0,6.0
225.0,120.0,3.0,3.0
32.0,90.0,4.0,2.0
237.0,143.0,3.0,3.0
206.0,280.0,5.0,4.0
60.0,65.0,3.0,2.0
396.0,465.0,5.0,6.0
665.0,601.0,5.0,5.0
98.0,88.0,3.0,3.0
66.0,86.0,3.0,3.0
153.0,147.0,4.0,4.0
98.0,100.0,3.0,2.0
136.0,180.0,4.0,3.0
112.0,80.0,3.0,2.0
60.0,45.0,2.0,2.0
335.0,240.0,6.0,4.0
241.0,200.0,5.0,4.0
135.0,171.0,4.0,4.0
107.0,130.0,3.0,3.0
120.0,135.0,4.0,4.0
90.0,68.0,3.0,2.0
85.0,60.0,3.0,2.0
60.0,66.0,3.0,2.0
435.0,438.0,5.0,4.0
77.0,85.0,3.0,2.0
84.0,126.0,3.0,3.0
450.0,750.0,4.0,4.0
396.0,250.0,4.0,4.0
60.0,73.0,2.0,2.0
96.0,138.0,3.0,4.0
224.0,350.0,4.0,3.0
105.0,80.0,2.0,1.0
224.0,350.0,4.0,4.0
187.0,220.0,4.0,3.0
247.0,360.0,4.0,4.0
119.0,79.0,3.0,2.0
200.0,175.0,3.0,3.0
128.0,100.0,3.0,3.0
144.0,180.0,3.0,3.0
188.0,195.0,3.0,2.0
300.0,400.0,5.0,5.0
200.0,290.0,6.0,4.0
84.0,70.0,3.0,1.0
150.0,230.0,3.0,3.0
200.0,290.0,6.0,4.0
72.0,80.0,2.0,2.0
160.0,180.0,4.0,2.0
426.0,653.0,8.0,5.0
162.0,120.0,5.0,4.0
144.0,250.0,4.0,3.0
176.0,290.0,4.0,1.0
96.0,100.0,2.0,2.0
163.0,278.0,4.0,4.0
399.0,725.0,6.0,6.0
160.0,200.0,3.0,3.0
90.0,66.0,3.0,2.0
72.0,40.0,2.0,2.0
119.0,62.0,2.0,1.0
119.0,74.0,3.0,2.0
164.0,100.0,4.0,2.0
72.0,60.0,3.0,1.0
120.0,180.0,4.0,2.0
100.0,150.0,3.0,2.0
200.0,150.0,3.0,2.0
136.0,93.0,3.0,1.0
84.0,41.0,2.0,1.0
128.0,135.0,3.0,3.0
96.0,120.0,3.0,2.0
72.0,22.0,2.0,1.0
300.0,400.0,4.0,4.0
90.0,47.0,2.0,1.0
119.0,130.0,3.0,2.0
150.0,150.0,3.0,2.0
389.0,520.0,5.0,4.0
108.0,108.0,2.0,2.0
90.0,75.0,3.0,2.0
360.0,400.0,4.0,4.0
90.0,75.0,2.0,1.0
90.0,75.0,2.0,1.0
72.0,36.0,2.0,1.0
120.0,100.0,3.0,3.0
72.0,72.0,2.0,1.0
72.0,110.0,3.0,2.0
210.0,200.0,3.0,3.0
72.0,65.0,3.0,1.0
90.0,75.0,3.0,2.0
100.0,84.0,4.0,3.0
300.0,480.0,5.0,7.0
558.0,760.0,5.0,7.0
365.0,400.0,5.0,4.0
84.0,126.0,3.0,3.0
128.0,144.0,3.0,3.0
396.0,396.0,6.0,5.0
396.0,465.0,5.0,5.0
112.0,100.0,3.0,2.0
84.0,126.0,3.0,3.0
396.0,396.0,3.0,3.0
499.0,349.0,6.0,5.0
499.0,349.0,6.0,5.0
18.0,22.0,5.0,4.0
66.0,86.0,3.0,3.0
157.0,270.0,4.0,4.0
128.0,144.0,3.0,3.0
72.0,71.0,2.0,2.0
90.0,126.0,4.0,3.0
112.0,180.0,5.0,4.0
83.0,50.0,2.0,2.0
169.0,200.0,4.0,3.0
80.0,80.0,3.0,2.0
250.0,195.0,3.0,3.0
128.0,144.0,3.0,3.0
60.0,30.0,2.0,1.0
100.0,84.0,4.0,3.0
61.0,69.0,3.0,2.0
84.0,126.0,4.0,3.0
265.0,385.0,5.0,6.0
200.0,358.0,4.0,6.0
264.0,485.0,4.0,5.0
136.0,242.0,4.0,5.0
66.0,86.0,4.0,3.0
220.0,150.0,3.0,2.0
180.0,280.0,4.0,4.0
1649.0,1039.0,5.0,4.0
275.0,320.0,4.0,4.0
85.0,60.0,3.0,2.0
801.0,1046.0,5.0,4.0
63.0,83.0,3.0,3.0
90.0,65.0,3.0,2.0
684.0,545.0,5.0,5.0
68.0,80.0,3.0,3.0
853.0,426.0,4.0,3.0
558.0,760.0,5.0,6.0
144.0,200.0,3.0,3.0
136.0,242.0,4.0,5.0
74.0,69.0,3.0,2.0
32.0,90.0,3.0,3.0
32.0,90.0,4.0,2.0
153.0,230.0,3.0,3.0
74.0,69.0,3.0,2.0
84.0,126.0,4.0,3.0
66.0,86.0,4.0,3.0
153.0,275.0,4.0,5.0
144.0,177.0,4.0,4.0
72.0,69.0,3.0,2.0
250.0,200.0,3.0,2.0
220.0,285.0,4.0,4.0
435.0,438.0,5.0,4.0
385.0,450.0,4.0,3.0
136.0,240.0,4.0,4.0
220.0,398.0,5.0,7.0
144.0,177.0,4.0,4.0
265.0,400.0,4.0,3.0
60.0,80.0,3.0,2.0
570.0,545.0,6.0,6.0
232.0,150.0,4.0,3.0
540.0,345.0,4.0,4.0
68.0,60.0,3.0,2.0
80.0,78.0,4.0,2.0
90.0,68.0,3.0,2.0
365.0,400.0,5.0,4.0
112.0,150.0,4.0,3.0
60.0,68.0,2.0,2.0
180.0,100.0,3.0,2.0
77.0,85.0,3.0,2.0
220.0,398.0,5.0,7.0
35.0,103.0,6.0,6.0
30.0,41.0,1.0,2.0
90.0,72.0,3.0,2.0
61.0,60.0,3.0,2.0
144.0,180.0,3.0,2.0
91.0,170.0,6.0,2.0
123.0,105.0,2.0,2.0
144.0,100.0,3.0,3.0
91.0,170.0,6.0,2.0
144.0,100.0,3.0,3.0
90.0,95.0,2.0,2.0
103.0,90.0,3.0,1.0
144.0,180.0,3.0,2.0
90.0,95.0,2.0,2.0
144.0,100.0,3.0,3.0
91.0,170.0,6.0,2.0
144.0,180.0,3.0,2.0
144.0,100.0,3.0,3.0
117.0,177.0,4.0,3.0
103.0,90.0,3.0,1.0
103.0,90.0,3.0,1.0
90.0,95.0,2.0,2.0
103.0,90.0,3.0,1.0
50.0,65.0,3.0,2.0
76.0,67.0,3.0,2.0
117.0,177.0,4.0,3.0
76.0,67.0,3.0,2.0
76.0,67.0,3.0,2.0
76.0,67.0,3.0,2.0
63.0,80.0,3.0,2.0
144.0,180.0,3.0,2.0
70.0,71.0,3.0,2.0
120.0,160.0,4.0,2.0
200.0,123.0,2.0,2.0
81.0,81.0,3.0,1.0
60.0,65.0,2.0,2.0
64.0,60.0,3.0,2.0
119.0,62.0,2.0,1.0
102.0,46.0,2.0,1.0
119.0,62.0,2.0,1.0
119.0,74.0,3.0,2.0
119.0,62.0,2.0,1.0
119.0,74.0,3.0,2.0
119.0,62.0,2.0,1.0
119.0,74.0,3.0,2.0
119.0,74.0,3.0,2.0
128.0,192.0,3.0,2.0
140.0,80.0,3.0,2.0
180.0,214.0,4.0,4.0
160.0,190.0,4.0,3.0
180.0,142.0,3.0,3.0
180.0,142.0,3.0,3.0
84.0,54.0,2.0,2.0
84.0,54.0,2.0,2.0
84.0,54.0,2.0,2.0
72.0,57.0,3.0,1.0
84.0,54.0,2.0,2.0
84.0,54.0,2.0,2.0
84.0,54.0,2.0,2.0
84.0,54.0,2.0,2.0
60.0,51.0,3.0,2.0
78.0,60.0,3.0,2.0
60.0,70.0,3.0,2.0
225.0,120.0,3.0,3.0
106.0,151.0,4.0,3.0
253.0,138.0,2.0,2.0
72.0,50.0,2.0,1.0
60.0,36.0,2.0,1.0
72.0,36.0,2.0,1.0
253.0,138.0,2.0,2.0
60.0,36.0,2.0,1.0
106.0,151.0,4.0,3.0
60.0,36.0,2.0,1.0
106.0,151.0,4.0,3.0
72.0,36.0,2.0,1.0
164.0,100.0,4.0,1.0
72.0,83.0,4.0,2.0
72.0,41.0,2.0,1.0
72.0,120.0,3.0,2.0
108.0,200.0,5.0,3.0
72.0,67.0,3.0,2.0
72.0,45.0,2.0,1.0
72.0,78.0,4.0,2.0
72.0,39.0,2.0,1.0
72.0,39.0,2.0,1.0
72.0,54.0,2.0,2.0
89.0,40.0,2.0,1.0
120.0,70.0,3.0,2.0
128.0,144.0,3.0,3.0
220.0,285.0,4.0,4.0
336.0,418.0,6.0,5.0
161.0,200.0,3.0,2.0
161.0,200.0,3.0,2.0
128.0,144.0,3.0,3.0
161.0,200.0,3.0,2.0
161.0,200.0,3.0,2.0
60.0,62.0,3.0,2.0
225.0,120.0,3.0,3.0
84.0,47.0,3.0,2.0
72.0,36.0,2.0,1.0
96.0,110.0,4.0,2.0
90.0,65.0,2.0,1.0
60.0,72.0,3.0,2.0
60.0,72.0,3.0,2.0
120.0,102.0,2.0,2.0
90.0,65.0,2.0,1.0
90.0,65.0,2.0,1.0
144.0,176.0,4.0,3.0
96.0,110.0,4.0,2.0
60.0,72.0,3.0,2.0
60.0,72.0,3.0,2.0
96.0,110.0,4.0,2.0
63.0,126.0,3.0,2.0
70.0,45.0,2.0,2.0
40.0,44.0,2.0,2.0
120.0,90.0,3.0,2.0
96.0,80.0,2.0,1.0
90.0,60.0,2.0,1.0
78.0,60.0,3.0,2.0
85.0,60.0,3.0,2.0
1340.0,1500.0,6.0,6.0
72.0,83.0,4.0,2.0
72.0,83.0,4.0,2.0
210.0,300.0,6.0,3.0
120.0,102.0,2.0,2.0
120.0,130.0,3.0,3.0
72.0,83.0,4.0,2.0
72.0,36.0,2.0,1.0
72.0,96.0,3.0,2.0
72.0,78.0,3.0,2.0
72.0,78.0,4.0,2.0
135.0,108.0,4.0,2.0
60.0,65.0,3.0,2.0
210.0,300.0,6.0,3.0
120.0,102.0,2.0,2.0
90.0,95.0,2.0,2.0
78.0,60.0,3.0,2.0
85.0,60.0,3.0,2.0
120.0,130.0,3.0,3.0
120.0,130.0,3.0,3.0
60.0,46.0,2.0,2.0
72.0,40.0,2.0,2.0
72.0,50.0,2.0,1.0
72.0,40.0,2.0,2.0
90.0,65.0,3.0,1.0
164.0,100.0,4.0,1.0
60.0,63.0,2.0,2.0
72.0,50.0,2.0,1.0
105.0,126.0,3.0,3.0
105.0,126.0,3.0,3.0
300.0,230.0,3.0,2.0
72.0,40.0,2.0,2.0
164.0,100.0,4.0,1.0
164.0,100.0,4.0,2.0
180.0,139.0,3.0,3.0
420.0,316.0,4.0,4.0
72.0,40.0,2.0,2.0
119.0,62.0,2.0,1.0
160.0,190.0,4.0,3.0
160.0,180.0,2.0,2.0
40.0,74.0,4.0,2.0
160.0,134.0,3.0,3.0
72.0,72.0,3.0,2.0
180.0,200.0,3.0,3.0
54.0,124.0,3.0,2.0
96.0,112.0,3.0,2.0
136.0,84.0,2.0,1.0
136.0,84.0,3.0,2.0
77.0,97.0,4.0,3.0
160.0,81.0,2.0,1.0
474.0,500.0,6.0,4.0
450.0,700.0,4.0,4.0
450.0,700.0,4.0,4.0
450.0,650.0,4.0,4.0
220.0,285.0,4.0,4.0
474.0,500.0,6.0,4.0
630.0,500.0,5.0,5.0
276.0,441.0,4.0,5.0
748.0,500.0,4.0,4.0
276.0,441.0,4.0,4.0
220.0,185.0,3.0,3.0
72.0,95.0,3.0,2.0
90.0,126.0,4.0,3.0
90.0,126.0,4.0,3.0
71.0,62.0,2.0,2.0
72.0,36.0,2.0,1.0
72.0,36.0,2.0,1.0
210.0,300.0,6.0,3.0
253.0,138.0,2.0,2.0
120.0,102.0,2.0,2.0
106.0,151.0,4.0,3.0
90.0,65.0,2.0,1.0
60.0,72.0,3.0,2.0
72.0,83.0,4.0,2.0
83.0,68.0,2.0,2.0
273.0,225.0,2.0,2.0
120.0,180.0,4.0,2.0
409.0,367.0,4.0,4.0
81.0,57.0,2.0,1.0
60.0,54.0,3.0,1.0
50.0,36.0,2.0,1.0
60.0,54.0,3.0,1.0
60.0,75.0,2.0,2.0
60.0,54.0,3.0,1.0
84.0,120.0,3.0,2.0
72.0,108.0,4.0,2.0
72.0,50.0,2.0,1.0
144.0,18.0,3.0,3.0
120.0,180.0,3.0,2.0
48.0,80.0,2.0,2.0
63.0,86.0,3.0,2.0
63.0,100.0,2.0,2.0
132.0,158.0,3.0,2.0
78.0,60.0,3.0,2.0
85.0,60.0,3.0,2.0
66.0,86.0,2.0,2.0
200.0,300.0,5.0,3.0
120.0,120.0,4.0,4.0
160.0,160.0,4.0,3.0
200.0,200.0,3.0,2.0
112.0,194.0,4.0,3.0
210.0,300.0,6.0,3.0
75.0,92.0,3.0,3.0
105.0,126.0,3.0,3.0
72.0,72.0,4.0,2.0
190.0,120.0,2.0,2.0
72.0,54.0,3.0,2.0
140.0,180.0,6.0,3.0
380.0,600.0,10.0,10.0
60.0,74.0,3.0,2.0
257.0,250.0,3.0,3.0
45.0,120.0,2.0,2.0
70.0,86.0,2.0,3.0
132.0,125.0,4.0,3.0
126.0,100.0,3.0,2.0
70.0,40.0,2.0,1.0
300.0,240.0,3.0,4.0
64.0,60.0,3.0,2.0
80.0,84.0,3.0,3.0
60.0,87.0,3.0,3.0
64.0,60.0,3.0,2.0
120.0,70.0,3.0,2.0
210.0,300.0,4.0,3.0
60.0,60.0,3.0,2.0
112.0,90.0,3.0,1.0
90.0,50.0,2.0,2.0
76.0,56.0,2.0,2.0
154.0,500.0,5.0,5.0
120.0,100.0,3.0,1.0
160.0,140.0,4.0,2.0
180.0,257.0,3.0,3.0
180.0,217.0,3.0,3.0
180.0,164.0,4.0,3.0
170.0,181.0,4.0,3.0
77.0,70.0,3.0,2.0
60.0,120.0,3.0,4.0
72.0,165.0,4.0,3.0
77.0,70.0,3.0,2.0
135.0,163.0,4.0,3.0
632.0,317.0,5.0,4.0
300.0,600.0,3.0,3.0
292.0,165.0,4.0,3.0
360.0,200.0,5.0,3.0
785.0,470.0,7.0,5.0
120.0,144.0,2.0,2.0
120.0,144.0,3.0,3.0
119.0,92.0,3.0,2.0
120.0,192.0,3.0,2.0
135.0,171.0,3.0,3.0
80.0,80.0,3.0,2.0
63.0,80.0,3.0,2.0
163.0,220.0,4.0,4.0
161.0,150.0,4.0,3.0
110.0,160.0,4.0,3.0
128.0,240.0,3.0,3.0
128.0,240.0,3.0,3.0
264.0,290.0,4.0,3.0
163.0,170.0,10.0,10.0
180.0,240.0,4.0,3.0
144.0,144.0,3.0,3.0
128.0,190.0,4.0,3.0
264.0,290.0,4.0,3.0
365.0,400.0,5.0,4.0
365.0,400.0,5.0,4.0
365.0,400.0,5.0,4.0
108.0,108.0,2.0,2.0
210.0,300.0,6.0,3.0
127.0,90.0,3.0,3.0
50.0,90.0,2.0,2.0
135.0,200.0,3.0,4.0
400.0,200.0,4.0,3.0
357.0,450.0,4.0,4.0
64.0,60.0,3.0,2.0
120.0,100.0,3.0,3.0
98.0,130.0,3.0,2.0
136.0,180.0,4.0,3.0
98.0,125.0,3.0,3.0
98.0,125.0,3.0,3.0
120.0,70.0,2.0,1.0
224.0,125.0,3.0,2.0
98.0,130.0,3.0,2.0
98.0,130.0,3.0,2.0
155.0,130.0,3.0,3.0
72.0,65.0,2.0,2.0
180.0,120.0,3.0,2.0
60.0,54.0,3.0,1.0
55.0,110.0,3.0,2.0
55.0,110.0,3.0,2.0
110.0,200.0,4.0,2.0
63.0,100.0,3.0,2.0
130.0,180.0,3.0,2.0
163.0,220.0,4.0,4.0
60.0,54.0,3.0,1.0
81.0,45.0,2.0,1.0
117.0,177.0,4.0,3.0
120.0,135.0,3.0,3.0
146.0,300.0,4.0,2.0
87.0,87.0,3.0,3.0
101.0,101.0,7.0,3.0
135.0,90.0,2.0,1.0
144.0,200.0,3.0,3.0
205.0,280.0,4.0,3.0
128.0,140.0,3.0,3.0
203.0,300.0,5.0,4.0
160.0,250.0,3.0,3.0
300.0,280.0,4.0,1.0
90.0,109.0,3.0,2.0
105.0,145.0,3.0,3.0
109.0,145.0,3.0,2.0
105.0,137.0,4.0,3.0
118.0,200.0,4.0,4.0
60.0,72.0,3.0,2.0
121.0,264.0,3.0,2.0
98.0,114.0,3.0,3.0
316.0,250.0,2.0,2.0
72.0,63.0,2.0,2.0
200.0,175.0,3.0,3.0
70.0,72.0,3.0,2.0
120.0,147.0,3.0,3.0
105.0,126.0,3.0,3.0
103.0,206.0,7.0,2.0
98.0,97.0,3.0,3.0
105.0,51.0,3.0,2.0
84.0,51.0,3.0,1.0
553.0,450.0,4.0,4.0
126.0,120.0,3.0,2.0
585.0,425.0,4.0,5.0
300.0,650.0,5.0,4.0
225.0,350.0,4.0,4.0
66.0,60.0,3.0,2.0
80.0,83.0,3.0,3.0
61.0,80.0,3.0,3.0
80.0,95.0,3.0,2.0
60.0,33.0,2.0,1.0
60.0,57.0,3.0,2.0
140.0,45.0,2.0,1.0
144.0,212.0,3.0,2.0
128.0,160.0,4.0,3.0
128.0,160.0,4.0,3.0
200.0,350.0,4.0,3.0
144.0,63.0,2.0,1.0
160.0,400.0,4.0,3.0
120.0,90.0,2.0,1.0
70.0,71.0,3.0,2.0
96.0,90.0,3.0,3.0
237.0,125.0,3.0,2.0
400.0,264.0,4.0,3.0
475.0,300.0,6.0,5.0
200.0,205.0,4.0,3.0
240.0,400.0,8.0,3.0
108.0,130.0,3.0,3.0
72.0,120.0,2.0,2.0
155.0,300.0,4.0,4.0
60.0,57.0,3.0,2.0
700.0,800.0,6.0,4.0
286.0,347.0,5.0,3.0
240.0,350.0,4.0,4.0
299.0,300.0,4.0,2.0
300.0,200.0,3.0,2.0
383.0,595.0,4.0,4.0
240.0,240.0,4.0,4.0
64.0,60.0,3.0,2.0
64.0,60.0,3.0,2.0
68.0,60.0,3.0,2.0
108.0,180.0,1.0,3.0
144.0,205.0,4.0,4.0
75.0,86.0,2.0,2.0
297.0,145.0,3.0,2.0
1000.0,500.0,6.0,7.0
175.0,220.0,4.0,3.0
625.0,250.0,4.0,1.0
60.0,36.0,2.0,1.0
56.0,140.0,3.0,3.0
450.0,450.0,6.0,5.0
300.0,164.0,4.0,3.0
60.0,120.0,3.0,3.0
198.0,157.0,3.0,3.0
108.0,134.0,4.0,3.0
108.0,134.0,4.0,3.0
162.0,141.0,3.0,2.0
801.0,1046.0,5.0,4.0
150.0,200.0,4.0,3.0
240.0,300.0,4.0,4.0
77.0,140.0,2.0,2.0
115.0,130.0,5.0,3.0
220.0,250.0,4.0,3.0
225.0,120.0,3.0,3.0
252.0,153.0,3.0,3.0
60.0,68.0,2.0,2.0
60.0,40.0,2.0,1.0
50.0,62.0,2.0,3.0
776.0,310.0,4.0,4.0
78.0,60.0,3.0,2.0
85.0,60.0,3.0,2.0
85.0,60.0,3.0,2.0
64.0,60.0,3.0,2.0
60.0,78.0,3.0,2.0
64.0,60.0,3.0,2.0
72.0,36.0,2.0,1.0
85.0,60.0,3.0,2.0
78.0,60.0,3.0,2.0
60.0,65.0,3.0,2.0
64.0,60.0,3.0,2.0
